3.1644,3.125,3.1644,1.202,-1.202,-3.1644,-3.125,-3.1644
2.6382+0.24011i,0.68514+1.2631i,-1.2374+2.3423i,-2.1495+1.8027i,-2.6833+0.81865i,-2.6382-0.24011i,-0.68514-1.2631i,1.2374-2.3423i
2.8078-0.32738i,0.98712-1.5173i,-0.83856-2.6996i,-1.9267-2.0676i,-2.671-0.92352i,-2.8078+0.32738i,-0.98712+1.5173i,0.83856+2.6996i
3.1496+0.18737i,3.1042+0.24814i,3.1393+0.31534i,1.1931+0.11881i,-1.1968-0.07223i,-3.1496-0.18737i,-3.1042-0.24814i,-3.1393-0.31534i
2.5111+0.11326i,0.42606+0.96117i,-1.6025+1.9367i,-2.3718+1.5254i,-2.7231+0.73301i,-2.5111-0.11326i,-0.42606-0.96117i,1.6025-1.9367i
3.0146-0.37178i,1.3277-1.7229i,-0.40881-3.0098i,-1.7009-2.3242i,-2.6809-1.0524i,-3.0146+0.37178i,-1.3277+1.7229i,0.40881+3.0098i
3.1053+0.36811i,3.0417+0.48942i,3.0641+0.62455i,1.1659+0.23777i,-1.1816-0.13995i,-3.1053-0.36811i,-3.0417-0.48942i,-3.0641-0.62455i
2.4331-0.04977i,0.2148+0.61215i,-1.9307+1.4815i,-2.5963+1.2308i,-2.7961+0.66139i,-2.4331+0.04977i,-0.2148-0.61215i,1.9307-1.4815i
3.2533-0.37006i,1.7031-1.8791i,0.049396-3.2739i,-1.4695-2.5763i,-2.708-1.2099i,-3.2533+0.37006i,-1.7031+1.8791i,-0.049396+3.2739i
3.0329+0.53549i,2.9383+0.71688i,2.9388+0.92146i,1.1193+0.35698i,-1.158-0.19864i,-3.0329-0.53549i,-2.9383-0.71688i,-2.9388-0.92146i
2.4111-0.24547i,0.057027+0.21636i,-2.2188+0.97484i,-2.8256+0.91348i,-2.9088+0.59795i,-2.4111+0.24547i,-0.057027-0.21636i,2.2188-0.97484i
3.5196-0.31889i,2.1106-1.9849i,0.53411-3.4934i,-1.2295-2.8279i,-2.7472-1.4006i,-3.5196+0.31889i,-2.1106+1.9849i,-0.53411+3.4934i
2.9343+0.68254i,2.7949+0.9233i,2.7634+1.1997i,1.0515+0.47644i,-1.1284-0.24367i,-2.9343-0.68254i,-2.7949-0.9233i,-2.7634-1.1997i
2.4534-0.47022i,-0.040734-0.2265i,-2.4635+0.41406i,-3.0627+0.56658i,-3.0682+0.53602i,-2.4534+0.47022i,0.040734+0.2265i,2.4635-0.41406i
3.8097-0.21472i,2.5481-2.0393i,1.0442-3.6701i,-0.97751-3.0831i,-2.794-1.6293i,-3.8097+0.21472i,-2.5481+2.0393i,-1.0442+3.6701i
2.8123+0.80194i,2.6126+1.101i,2.538+1.4528i,0.95923+0.59601i,-1.0965-0.27031i,-2.8123-0.80194i,-2.6126-1.101i,-2.538-1.4528i
2.5699-0.72037i,-0.070689-0.71772i,-2.6611-0.20516i,-3.3109+0.1816i,-3.2827+0.46781i,-2.5699+0.72037i,0.070689+0.71772i,2.6611+0.20516i
4.1207-0.053493i,3.0149-2.0414i,1.5798-3.8063i,-0.70946-3.3464i,-2.8437-1.9013i,-4.1207+0.053493i,-3.0149+2.0414i,-1.5798+3.8063i
2.6709+0.88566i,2.393+1.2416i,2.262+1.6737i,0.83834+0.71532i,-1.0676-0.27353i,-2.6709-0.88566i,-2.393-1.2416i,-2.262-1.6737i
2.7729-0.99223i,-0.023199-1.2601i,-2.8075-0.88949i,-3.5744-0.2525i,-3.5627+0.3839i,-2.7729+0.99223i,0.023199+1.2601i,2.8075+0.88949i
4.451+0.16984i,3.5121-1.9896i,2.1426-3.9051i,-0.42036-3.6234i,-2.8917-2.2233i,-4.451-0.16984i,-3.5121+1.9896i,-2.1426+3.9051i
2.515+0.92457i,2.1376+1.3353i,1.934+1.8546i,0.68266+0.83364i,-1.0486-0.24784i,-2.515-0.92457i,-2.1376-1.3353i,-1.934-1.8546i
3.0782-1.2822i,0.11421-1.859i,-2.8981-1.6494i,-3.8588-0.75059i,-3.9216+0.27259i,-3.0782+1.2822i,-0.11421+1.859i,2.8981+1.6494i
4.8003+0.46198i,4.0435-1.8821i,2.7371-3.9705i,-0.10367-3.9213i,-2.9337-2.604i,-4.8003-0.46198i,-4.0435+1.8821i,-2.7371+3.9705i
2.3511+0.90772i,1.8479+1.3705i,1.5511+1.9864i,0.48345+0.94982i,-1.0493-0.18691i,-2.3511-0.90772i,-1.8479-1.3705i,-1.5511-1.9864i
3.5077-1.5869i,0.35849-2.5233i,-2.9269-2.5011i,-4.1713-1.3332i,-4.3776+0.11868i,-3.5077+1.5869i,-0.35849+2.5233i,2.9269+2.5011i
5.1707+0.83243i,4.6162-1.7159i,3.3716-4.0077i,0.24954-4.2499i,-2.9649-3.0551i,-5.1707-0.83243i,-4.6162+1.7159i,-3.3716+4.0077i
2.1879+0.82103i,1.5249+1.3318i,1.108+2.0575i,0.22795+1.062i,-1.083-0.082959i,-2.1879-0.82103i,-1.5249-1.3318i,-1.108-2.0575i
4.0921-1.9031i,0.73383-3.2679i,-2.8855-3.4699i,-4.5224-2.03i,-4.9562-0.098444i,-4.0921+1.9031i,-0.73383+3.2679i,2.8855+3.4699i
5.5674+1.2953i,5.2433-1.4857i,4.0604-4.0234i,0.65197-4.6232i,-2.9803-3.5939i,-5.5674-1.2953i,-5.2433+1.4857i,-4.0604+4.0234i
2.0373+0.64517i,1.1692+1.1983i,0.59498+2.0525i,-0.10301+1.1671i,-1.1692+0.07434i,-2.0373-0.64517i,-1.1692-1.1983i,-0.59498-2.0525i
4.8773-2.2277i,1.2764-4.1166i,-2.7615-4.5962i,-4.9272-2.8852i,-5.6951-0.40837i,-4.8773+2.2277i,-1.2764+4.1166i,2.7615+4.5962i
6.0001+1.8723i,5.946-1.1827i,4.8269-4.0259i,1.1226-5.0612i,-2.974-4.2463i,-6.0001-1.8723i,-5.946+1.1827i,-4.8269+4.0259i
1.9164+0.35163i,0.77979+0.93837i,-0.0050883+1.9484i,-0.53944+1.26i,-1.3374+0.2997i,-1.9164-0.35163i,-0.77979-0.93837i,0.0050883-1.9484i
5.9339-2.5571i,2.0427-5.1079i,-2.5344-5.9436i,-5.4077-3.9668i,-6.6518-0.85588i,-5.9339+2.5571i,-2.0427+5.1079i,2.5344+5.9436i
6.4843+2.5975i,6.7579-0.79144i,5.7086-4.0254i,1.6905-5.593i,-2.937-5.0511i,-6.4843-2.5975i,-6.7579+0.79144i,-5.7086+4.0254i
1.8521-0.10428i,0.35362+0.5021i,-0.72213+1.7087i,-1.1301+1.3318i,-1.6346+0.61536i,-1.8521+0.10428i,-0.35362-0.5021i,0.72213-1.7087i
7.3715-2.884i,3.123-6.3003i,-2.1683-7.6128i,-5.9945-5.3818i,-7.9128-1.5119i,-7.3715+2.884i,-3.123+6.3003i,2.1683+7.6128i
7.0392+3.5217i,7.7258-0.28456i,6.7611-4.03i,2.3999-6.2561i,-2.8537-6.0626i,-7.0392-3.5217i,-7.7258+0.28456i,-6.7611+4.03i
1.8891-0.79433i,-0.11397-0.19283i,-1.6068+1.272i,-1.9554+1.3648i,-2.1386+1.055i,-1.8891+0.79433i,0.11397+0.19283i,1.6068-1.272i
9.3431-3.1831i,4.6533-7.7636i,-1.5971-9.7404i,-6.7142-7.2841i,-9.589-2.4878i,-9.3431+3.1831i,-4.6533+7.7636i,1.5971+9.7404i
7.6566+4.6957i,8.8741+0.38139i,8.0312-4.0214i,3.3038-7.0612i,-2.6858-7.3186i,-7.6566-4.6957i,-8.8741-0.38139i,-8.0312+4.0214i
2.1021-1.8135i,-0.61742-1.265i,-2.723+0.54141i,-3.1278+1.3203i,-2.9652+1.6535i,-2.1021+1.8135i,0.61742+1.265i,2.723-0.54141i
11.847-3.3286i,6.7039-9.3959i,-0.70648-12.286i,-7.4501-9.7122i,-11.607-3.8854i,-11.847+3.3286i,-6.7039+9.3959i,0.70648+12.286i
8.0096+5.8879i,9.804+1.2092i,9.2002-3.7652i,4.2852-7.6286i,-2.3032-8.4412i,-8.0096-5.8879i,-9.804-1.2092i,-9.2002+3.7652i
2.5179-2.9296i,-0.99777-2.5401i,-3.8387-0.4327i,-4.4337+1.1038i,-3.9996+2.2089i,-2.5179+2.9296i,0.99777+2.5401i,3.8387+0.4327i
11.348-2.3259i,6.9963-8.3148i,0.35157-11.579i,-6.1662-9.6117i,-10.524-4.4322i,-11.348+2.3259i,-6.9963+8.3148i,-0.35157+11.579i
2.9068+1.3577i,2.9433+0.60426i,3.2066-0.10265i,1.4912-1.2491i,-0.87842-1.7356i,-2.9068-1.3577i,-2.9433-0.60426i,-3.2066+0.10265i
-1.3423+8.8804i,2.7764+9.1527i,6.0498+6.638i,7.8968+0.95347i,6.0362-5.18i,1.3423-8.8804i,-2.7764-9.1527i,-6.0498-6.638i
-244.43+40.604i,-174.6+176.75i,-37.601+244.91i,113.87+220.34i,221.72+111.16i,244.43-40.604i,174.6-176.75i,37.601-244.91i
666.67+856.49i,1042.5+302.32i,1021.5-366.94i,609.57-896.66i,-35.289-1083.7i,-666.67-856.49i,-1042.5-302.32i,-1021.5+366.94i
722.85-1643.2i,-382.4-1753.2i,-1341.5-1192.9i,-1787.1-177.47i,-1550.9+905.57i,-722.85+1643.2i,382.4+1753.2i,1341.5+1192.9i
-1449.1+121.43i,-1101.6+950.27i,-332.75+1415.6i,563.19+1341.1i,1243.9+753.87i,1449.1-121.43i,1101.6-950.27i,332.75-1415.6i
289.69+439.26i,492.18+186.39i,507.99-137.17i,329.17-409.1i,24.403-524.52i,-289.69-439.26i,-492.18-186.39i,-507.99+137.17i
16.043-26.653i,-4.0846-30.074i,-22.571-21.409i,-31.394-4.953i,-28.936+13.147i,-16.043+26.653i,4.0846+30.074i,22.571+21.409i
3.5116+0.089412i,2.3549-1.7242i,0.9753-3.3747i,-0.9483-2.9528i,-2.5286-1.7958i,-3.5116-0.089412i,-2.3549+1.7242i,-0.9753+3.3747i
-1.0023-4.744i,-4.0742-1.927i,-4.3031+2.2348i,-3.3805+4.6566i,-1.4551+5.5673i,1.0023+4.744i,4.0742+1.927i,4.3031-2.2348i
-2.4721+6.4787i,0.41385+7.4865i,3.1711+6.1667i,5.8071+2.2428i,5.5245-2.8692i,2.4721-6.4787i,-0.41385-7.4865i,-3.1711-6.1667i
-13.029-1.0094i,-11.6+7.1476i,-4.9563+12.092i,3.2678+13.144i,10.271+8.8287i,13.029+1.0094i,11.6-7.1476i,4.9563-12.092i
-0.83794-5.3969i,-4.4269-2.5438i,-5.0848+1.9936i,-4.1655+4.7738i,-2.0269+6.0027i,0.83794+5.3969i,4.4269+2.5438i,5.0848-1.9936i
-3.2612+6.5024i,-0.19269+7.8493i,2.9382+6.6546i,6.0628+2.8148i,6.1936-2.5139i,3.2612-6.5024i,0.19269-7.8493i,-2.9382-6.6546i
-10.868-1.8413i,-10.281+5.2541i,-4.874+9.8866i,1.9479+11.39i,8.0904+8.2512i,10.868+1.8413i,10.281-5.2541i,4.874-9.8866i
0.18922-3.88i,-2.8088-1.927i,-3.5519+1.5729i,-3.16+3.3845i,-2.0205+4.1664i,-0.18922+3.88i,2.8088+1.927i,3.5519-1.5729i
-3.3231+5.6063i,-0.73788+7.0482i,2.0899+6.173i,5.2379+2.9851i,5.7425-1.8355i,3.3231-5.6063i,0.73788-7.0482i,-2.0899-6.173i
-8.5467-2.3042i,-8.6288+3.5742i,-4.4141+7.6727i,0.9174+9.3861i,5.9883+7.2857i,8.5467+2.3042i,8.6288-3.5742i,4.4141-7.6727i
0.8535-2.6381i,-1.6462-1.3342i,-2.4042+1.3814i,-2.3081+2.4102i,-1.8799+2.7573i,-0.8535+2.6381i,1.6462+1.3342i,2.4042-1.3814i
-3.3185+4.7909i,-1.1697+6.2827i,1.3719+5.6642i,4.4867+3.0749i,5.2927-1.2541i,3.3185-4.7909i,1.1697-6.2827i,-1.3719-5.6642i
-6.7366-2.5722i,-7.2907+2.359i,-3.9529+6.0309i,0.21719+7.8213i,4.4057+6.466i,6.7366+2.5722i,7.2907-2.359i,3.9529-6.0309i
1.2466-1.6824i,-0.86942-0.82776i,-1.6192+1.3276i,-1.6465+1.7673i,-1.6844+1.7312i,-1.2466+1.6824i,0.86942+0.82776i,1.6192-1.3276i
-3.312+4.0949i,-1.5192+5.6237i,0.79951+5.2056i,3.8647+3.1351i,4.9176-0.76258i,3.312-4.0949i,1.5192-5.6237i,-0.79951-5.2056i
-5.3225-2.7222i,-6.219+1.4769i,-3.5303+4.8246i,-0.26161+6.6082i,3.2048+5.785i,5.3225+2.7222i,6.219-1.4769i,3.5303-4.8246i
1.4607-0.92944i,-0.35267-0.39394i,-1.0848+1.3493i,-1.1222+1.3428i,-1.4583+0.96736i,-1.4607+0.92944i,0.35267+0.39394i,1.0848-1.3493i
-3.3041+3.488i,-1.8063+5.0484i,0.34133+4.7924i,3.3419+3.1769i,4.5987-0.33574i,3.3041-3.488i,1.8063-5.0484i,-0.34133-4.7924i
-4.1841-2.7904i,-5.3381+0.82534i,-3.146+3.9237i,-0.59112+5.6418i,2.2674+5.1998i,4.1841+2.7904i,5.3381-0.82534i,3.146-3.9237i
1.5527-0.32117i,-0.013977-0.01837i,-0.72365+1.4108i,-0.69594+1.0656i,-1.2127+0.38651i,-1.5527+0.32117i,0.013977+0.01837i,0.72365-1.4108i
-3.288+2.9444i,-2.0426+4.5328i,-0.027758+4.4136i,2.8899+3.2029i,4.3137+0.04332i,3.288-2.9444i,2.0426-4.5328i,0.027758-4.4136i
-3.2409-2.7965i,-4.5946+0.33891i,-2.7955+3.2418i,-0.81478+4.8497i,1.5176+4.6777i,3.2409+2.7965i,4.5946-0.33891i,2.7955-3.2418i
1.5577+0.1784i,0.19803+0.30852i,-0.48648+1.4905i,-0.34265+0.89214i,-0.9538-0.059986i,-1.5577-0.1784i,-0.19803-0.30852i,0.48648-1.4905i
-3.2574+2.4473i,-2.235+4.0606i,-0.32493+4.0614i,2.4895+3.213i,4.0464+0.38436i,3.2574-2.4473i,2.235-4.0606i,0.32493-4.0614i
-2.442-2.7526i,-3.954-0.024262i,-2.4756+2.7224i,-0.95947+4.1857i,0.90803+4.1971i,2.442+2.7526i,3.954+0.024262i,2.4756-2.7224i
1.4988+0.59177i,0.31678+0.59266i,-0.34067+1.575i,-0.04671+0.79455i,-0.68659-0.40259i,-1.4988-0.59177i,-0.31678-0.59266i,0.34067-1.575i
-3.2079+1.9865i,-2.3879+3.6216i,-0.56195+3.7311i,2.1282+3.2067i,3.7858+0.69261i,3.2079-1.9865i,2.3879-3.6216i,0.56195-3.7311i
-1.7545-2.6667i,-3.3941-0.29228i,-2.1846+2.3275i,-1.0426+3.6193i,0.40851+3.7443i,1.7545+2.6667i,3.3941+0.29228i,2.1846-2.3275i
1.3922+0.93345i,0.36524+0.83781i,-0.26363+1.6553i,0.20186+0.75421i,-0.41519-0.66121i,-1.3922-0.93345i,-0.36524-0.83781i,0.26363-1.6553i
-3.1366+1.5561i,-2.5047+3.2095i,-0.74733+3.4207i,1.798+3.1836i,3.525+0.97054i,3.1366-1.5561i,2.5047-3.2095i,0.74733-3.4207i
-1.1567-2.5451i,-2.9004-0.48496i,-1.9218+2.0304i,-1.0762+3.1308i,-0.00086503+3.3106i,1.1567+2.5451i,2.9004+0.48496i,1.9218-2.0304i
1.2498+1.2132i,0.35999+1.0464i,-0.23886+1.7253i,0.40955+0.75793i,-0.14344-0.84948i,-1.2498-1.2132i,-0.35999-1.0464i,0.23886-1.7253i
-3.0418+1.1528i,-2.5884+2.8209i,-0.88756+3.1295i,1.4941+3.1431i,3.2597+1.2189i,3.0418-1.1528i,2.5884-2.8209i,0.88756-3.1295i
-0.63401-2.3929i,-2.4633-0.61701i,-1.6872+1.8115i,-1.0687+2.7069i,-0.33351+2.891i,0.63401+2.3929i,2.4633+0.61701i,1.6872-1.8115i
1.0811+1.438i,0.31365+1.2203i,-0.25375+1.7811i,0.58072+0.79587i,0.125-0.97725i,-1.0811-1.438i,-0.31365-1.2203i,0.25375-1.7811i
-2.9229+0.77507i,-2.6415+2.4538i,-0.98799+2.858i,1.2139+3.0852i,2.9875+1.4376i,2.9229-0.77507i,2.6415-2.4538i,0.98799-2.858i
-0.17613-2.2146i,-2.0759-0.69995i,-1.4811+1.6558i,-1.0268+2.3384i,-0.5988+2.4827i,0.17613+2.2146i,2.0759+0.69995i,1.4811-1.6558i
0.89386+1.6129i,0.23616+1.361i,-0.29823+1.8198i,0.71839+0.86028i,0.38657-1.052i,-0.89386-1.6129i,-0.23616-1.361i,0.29823-1.8198i
-2.78+0.42242i,-2.6667+2.1075i,-1.0533+2.6071i,0.95612+3.01i,2.7076+1.6257i,2.78-0.42242i,2.6667-2.1075i,1.0533-2.6071i
0.22431-2.0144i,-1.7337-0.74317i,-1.3043+1.5515i,-0.95566+2.0193i,-0.80351+2.0845i,-0.22431+2.0144i,1.7337+0.74317i,1.3043-1.5515i
0.69466+1.7422i,0.13567+1.4699i,-0.36403+1.8399i,0.82477+0.94481i,0.6379-1.0798i,-0.69466-1.7422i,-0.13567-1.4699i,0.36403-1.8399i
-2.6136+0.094928i,-2.6667+1.7818i,-1.0879+2.3783i,0.72042+2.9179i,2.4201+1.7822i,2.6136-0.094928i,2.6667-1.7818i,1.0879-2.3783i
0.57293-1.7962i,-1.433-0.75469i,-1.157+1.4886i,-0.85985+1.7454i,-0.95276+1.6964i,-0.57293+1.7962i,1.433+0.75469i,1.157-1.4886i
0.4892+1.8294i,0.019004+1.5485i,-0.44415+1.8409i,0.90164+1.044i,0.87574-1.0659i,-0.4892-1.8294i,-0.019004-1.5485i,0.44415-1.8409i
-2.425-0.20704i,-2.6445+1.4767i,-1.0958+2.1731i,0.50728+2.8097i,2.1259+1.9058i,2.425+0.20704i,2.6445-1.4767i,1.0958-2.1731i
0.87421-1.5638i,-1.171-0.74155i,-1.0399+1.4589i,-0.7433+1.5137i,-1.0506+1.3191i,-0.87421+1.5638i,1.171+0.74155i,1.0399-1.4589i
0.28248+1.8777i,-0.10805+1.5984i,-0.53262+1.8226i,0.9505+1.1532i,1.0971-1.0148i,-0.28248-1.8777i,0.10805-1.5984i,0.53262-1.8226i
-2.2155-0.48302i,-2.6032+1.1924i,-1.0813+1.9931i,0.31766+2.6865i,1.8267+1.9953i,2.2155+0.48302i,2.6032-1.1924i,1.0813-1.9931i
1.132-1.3207i,-0.94531-0.71012i,-0.95311+1.4551i,-0.60959+1.3224i,-1.1003+0.95378i,-1.132+1.3207i,0.94531+0.71012i,0.95311-1.4551i
0.078928+1.8902i,-0.24054+1.6216i,-0.62422+1.7859i,0.97281+1.268i,1.299-0.93101i,-0.078928-1.8902i,0.24054-1.6216i,0.62422-1.7859i
-1.9867-0.73266i,-2.5462+0.9287i,-1.0485+1.8397i,0.15291+2.5497i,1.5246+2.0494i,1.9867+0.73266i,2.5462-0.9287i,1.0485-1.8397i
1.3498-1.0701i,-0.7535-0.66628i,-0.8968+1.4707i,-0.4621+1.1702i,-1.1048+0.60187i,-1.3498+1.0701i,0.7535+0.66628i,0.8968-1.4707i
-0.11756+1.8698i,-0.37422+1.6199i,-0.71447+1.7319i,0.97005+1.3844i,1.479-0.81869i,0.11756-1.8698i,0.37422-1.6199i,0.71447-1.7319i
-1.7405-0.95577i,-2.4769+0.68546i,-1.0015+1.7146i,0.014683+2.401i,1.2218+2.0669i,1.7405+0.95577i,2.4769-0.68546i,1.0015-1.7146i
1.5311-0.81512i,-0.59327-0.61553i,-0.87092+1.5001i,-0.30405+1.0562i,-1.0667+0.26496i,-1.5311+0.81512i,0.59327+0.61553i,0.87092-1.5001i
-0.30359+1.8194i,-0.50553+1.5958i,-0.79944+1.6624i,0.94383+1.4989i,1.6347-0.682i,0.30359-1.8194i,0.50553-1.5958i,0.79944-1.6624i
-1.4783-1.1525i,-2.3992+0.46195i,-0.94466+1.619i,-0.095097+2.2425i,0.92098+2.0469i,1.4783+1.1525i,2.3992-0.46195i,0.94466-1.619i
1.6793-0.55846i,-0.46215-0.56313i,-0.87534+1.5381i,-0.13849+0.98015i,-0.98833-0.055386i,-1.6793+0.55846i,0.46215+0.56313i,0.87534-1.5381i
-0.47621+1.7421i,-0.63154+1.5515i,-0.87577+1.5794i,0.89596+1.6079i,1.7642-0.52507i,0.47621-1.7421i,0.63154-1.5515i,0.87577-1.5794i
-1.2016-1.3232i,-2.317+0.25695i,-0.88247+1.5543i,-0.17423+2.0766i,0.62499+1.988i,1.2016+1.3232i,2.317-0.25695i,0.88247-1.5543i
1.7981-0.30237i,-0.35743-0.51418i,-0.9099+1.58i,0.031631+0.94181i,-0.87178-0.35779i,-1.7981+0.30237i,0.35743+0.51418i,0.9099-1.58i
-0.63294+1.6405i,-0.74996+1.4899i,-0.94059+1.4856i,0.82847+1.7081i,1.8655-0.35208i,0.63294-1.6405i,0.74996-1.4899i,0.94059-1.4856i
-0.91136-1.4689i,-2.2346+0.068577i,-0.81957+1.522i,-0.22019+1.9061i,0.33666+1.889i,0.91136+1.4689i,2.2346-0.068577i,0.81957-1.522i
1.8914-0.04857i,-0.27611-0.47374i,-0.97454+1.6218i,0.20354+0.94149i,-0.71886-0.64116i,-1.8914+0.04857i,0.27611+0.47374i,0.97454-1.6218i
-0.77171+1.5174i,-0.85915+1.4137i,-0.9915+1.3838i,0.7437+1.7965i,1.9372-0.16724i,0.77171-1.5174i,0.85915-1.4137i,0.9915-1.3838i
-0.6079-1.5908i,-2.1564-0.10594i,-0.7609+1.5236i,-0.22995+1.7342i,0.058861+1.7484i,0.6079+1.5908i,2.1564+0.10594i,0.7609-1.5236i
1.9639+0.2019i,-0.21477-0.44698i,-1.0695+1.6594i,0.37466+0.97992i,-0.53096-0.90482i,-1.9639-0.2019i,0.21477+0.44698i,1.0695-1.6594i
-0.89087+1.3753i,-0.95821+1.3257i,-1.0265+1.2773i,0.64434+1.8702i,1.9779+0.02517i,0.89087-1.3753i,0.95821-1.3257i,1.0265-1.2773i
-0.29046-1.6911i,-2.0874-0.27047i,-0.71187+1.5612i,-0.19979+1.5645i,-0.20554+1.5637i,0.29046+1.6911i,2.0874+0.27047i,0.71187-1.5612i
2.0205+0.44893i,-0.16948-0.43937i,-1.1956+1.6895i,0.54261+1.0585i,-0.3088-1.1487i,-2.0205-0.44893i,0.16948+0.43937i,1.1956-1.6895i
-0.98915+1.2165i,-1.047+1.229i,-1.0439+1.1698i,0.53352+1.9262i,1.9865+0.22075i,0.98915-1.2165i,1.047-1.229i,1.0439-1.1698i
0.043247-1.7722i,-2.0333-0.43046i,-0.67864+1.6377i,-0.12481+1.4013i,-0.45375+1.3316i,-0.043247+1.7722i,2.0333+0.43046i,0.67864-1.6377i
2.0675+0.69363i,-0.1356-0.4571i,-1.3548+1.7089i,0.70535+1.1797i,-0.052075-1.3735i,-2.0675-0.69363i,0.1356+0.4571i,1.3548-1.7089i
-1.0656+1.0423i,-1.1266+1.1266i,-1.0423+1.0656i,0.41494+1.9615i,1.9615+0.41494i,1.0656-1.0423i,1.1266-1.1266i,1.0423-1.0656i
0.39794-1.8377i,-2.0008-0.59356i,-0.66858+1.7574i,0.0016965+1.2498i,-0.68296+1.0467i,-0.39794+1.8377i,2.0008+0.59356i,0.66858-1.7574i
2.1121+0.93886i,-0.10745-0.50754i,-1.5504+1.7142i,0.86122+1.3477i,0.24121-1.581i,-2.1121-0.93886i,0.10745+0.50754i,1.5504-1.7142i
-1.1194+0.85328i,-1.1991+1.0216i,-1.0203+0.96963i,0.29314+1.9728i,1.9012+0.60281i,1.1194-0.85328i,1.1991-1.0216i,1.0203-0.96963i
0.78205-1.8921i,-1.9981-0.77076i,-0.69118+1.9271i,0.18954+1.1166i,-0.89034+0.70009i,-0.78205+1.8921i,1.9981+0.77076i,0.69118-1.9271i
2.1636+1.1901i,-0.077772-0.60022i,-1.7889+1.7022i,1.009+1.5692i,0.57572-1.7746i,-2.1636-1.1901i,0.077772+0.60022i,1.7889-1.7022i
-1.1499+0.64842i,-1.2688+0.91712i,-0.97639+0.88847i,0.17398+1.9562i,1.8029+0.77882i,1.1499-0.64842i,1.2688-0.91712i,0.97639-0.88847i
1.2101-1.9413i,-2.0362-0.9784i,-0.75955+2.1578i,0.4536+1.0108i,-1.0726+0.2775i,-1.2101+1.9413i,2.0362+0.9784i,0.75955-2.1578i
2.2344+1.4567i,-0.036753-0.74812i,-2.0809+1.6687i,1.1479+1.8558i,0.96049-1.9594i,-2.2344-1.4567i,0.036753+0.74812i,2.0809-1.6687i
-1.156+0.4236i,-1.3433+0.8164i,-0.90841+0.83107i,0.065567+1.9062i,1.6618+0.93608i,1.156-0.4236i,1.3433-0.8164i,0.90841-0.83107i
1.7062-1.9932i,-2.1303-1.2416i,-0.89329+2.467i,0.81708+0.94564i,-1.2255-0.24483i,-1.7062+1.9932i,2.1303+1.2416i,0.89329-2.467i
2.3404+1.7544i,0.029745-0.96923i,-2.4436+1.6076i,1.2772+2.2255i,1.4113-2.143i,-2.3404-1.7544i,-0.029745+0.96923i,2.4436-1.6076i
-1.1357+0.16931i,-1.4358+0.72273i,-0.81253+0.81136i,-0.019689+1.8143i,1.469+1.065i,1.1357-0.16931i,1.4358-0.72273i,0.81253-0.81136i
2.3095-2.0563i,-2.3003-1.599i,-1.1228+2.8812i,1.3149+0.94204i,-1.3411-0.90426i,-2.3095+2.0563i,2.3003+1.599i,1.1228-2.8812i
2.4984+2.1063i,0.14242-1.2842i,-2.8992+1.5077i,1.3928+2.7025i,1.9511-2.3317i,-2.4984-2.1063i,-0.14242+1.2842i,2.8992-1.5077i
-1.0839-0.13424i,-1.5705+0.63925i,-0.682+0.85302i,-0.060892+1.6662i,1.2072+1.1501i,1.0839+0.13424i,1.5705-0.63925i,0.682-0.85302i
3.0647-2.1282i,-2.5568-2.0983i,-1.4894+3.421i,1.9797+1.0333i,-1.3996-1.74i,-3.0647+2.1282i,2.5568+2.0983i,1.4894-3.421i
2.6863+2.5235i,0.32206-1.6727i,-3.4313+1.3457i,1.4668+3.2783i,2.5792-2.4992i,-2.6863-2.5235i,-0.32206+1.6727i,3.4313-1.3457i
-0.98839-0.51867i,-1.7849+0.56546i,-0.50944+0.99318i,-0.024445+1.4428i,0.85077+1.1655i,0.98839+0.51867i,1.7849-0.56546i,0.50944-0.99318i
3.8026-2.0775i,-2.7213-2.6229i,-1.9361+3.8765i,2.5945+1.2306i,-1.3252-2.5474i,-3.8026+2.0775i,2.7213+2.6229i,1.9361-3.8765i
2.359+2.667i,0.41738-1.5082i,-3.3945+1.0748i,1.2549+3.353i,2.8002-2.2308i,-2.359-2.667i,-0.41738+1.5082i,3.3945-1.0748i
-0.84406-0.81107i,-1.9203+0.44361i,-0.40279+1.0991i,-0.0025648+1.2872i,0.56689+1.1556i,0.84406+0.81107i,1.9203-0.44361i,0.40279-1.0991i
-1.5299+0.71218i,1.5666+1.7717i,0.8941-1.4312i,-3.2788+0.096735i,-0.49737+3.2423i,1.5299-0.71218i,-1.5666-1.7717i,-0.8941+1.4312i
-18.887-13.598i,-8.6094+23.604i,23.207+1.7553i,-6.2683-22.125i,-19.041+12.894i,18.887+13.598i,8.6094-23.604i,-23.207-1.7553i
-35.618+206.43i,206.12-30.575i,-94.009-187.21i,-150.21+148.47i,186.84+98.476i,35.618-206.43i,-206.12+30.575i,94.009+187.21i
456.52-156.3i,-289.34-385.17i,-277.26+394.93i,459.69+142.08i,-8.4252-481.07i,-456.52+156.3i,289.34+385.17i,277.26-394.93i
-380.72-348.95i,-215.83+471.22i,512.9+60.361i,-101.81-505.92i,-449.59+253.36i,380.72+348.95i,215.83-471.22i,-512.9-60.361i
-65.734+258.01i,264.66-17.89i,-99.859-246.81i,-205.14+172.42i,226.48+143.25i,65.734-258.01i,-264.66+17.89i,99.859+246.81i
44.265-11.112i,-23.932-37.793i,-28.971+35.264i,40.964+17.012i,2.1353-44.305i,-44.265+11.112i,23.932+37.793i,28.971-35.264i
1.7169+3.1999i,0.81799-1.4648i,-3.6249+0.21696i,0.63608+3.948i,3.6948-1.5296i,-1.7169-3.1999i,-0.81799+1.4648i,3.6249-0.21696i
-0.64011-0.18167i,-0.8206-0.010071i,-0.64438+0.1659i,-0.95901+1.7039i,0.91691+1.7269i,0.64011+0.18167i,0.8206+0.010071i,0.64438-0.1659i
-2.8344+0.76036i,1.8308+3.4763i,2.2305-1.907i,-3.9641-1.2402i,-1.22+3.9703i,2.8344-0.76036i,-1.8308-3.4763i,-2.2305+1.907i
-2.2044-1.3442i,-2.3486+3.5149i,2.0855+1.5222i,0.13776-1.8408i,-1.648+0.83173i,2.2044+1.3442i,2.3486-3.5149i,-2.0855-1.5222i
-0.90608+0.63272i,0.21304+0.019663i,-0.77496-0.78788i,-1.8723+2.0757i,1.4608+2.3834i,0.90608-0.63272i,-0.21304-0.019663i,0.77496+0.78788i
-3.0357+0.60708i,1.6464+3.8409i,2.5329-1.78i,-3.8666-1.624i,-1.49+3.9202i,3.0357-0.60708i,-1.6464-3.8409i,-2.5329+1.78i
-1.8042-1.1276i,-2.2997+2.9099i,1.514+1.4949i,0.30389-1.2408i,-1.137+0.58237i,1.8042+1.1276i,2.2997-2.9099i,-1.514-1.4949i
-0.8616+0.55857i,0.29488+0.051166i,-0.62306-0.81619i,-1.9904+1.8862i,1.2386+2.4465i,0.8616-0.55857i,-0.29488-0.051166i,0.62306+0.81619i
-2.445+0.41046i,1.1618+3.4458i,2.1944-1.1538i,-3.0924-1.5442i,-1.526+3.1014i,2.445-0.41046i,-1.1618-3.4458i,-2.1944+1.1538i
-1.4398-0.84409i,-2.1533+2.318i,0.94772+1.3738i,0.36962-0.61515i,-0.58629+0.41388i,1.4398+0.84409i,2.1533-2.318i,-0.94772-1.3738i
-0.77934+0.44231i,0.31148+0.080057i,-0.46948-0.76328i,-2.0282+1.6635i,0.97472+2.4353i,0.77934-0.44231i,-0.31148-0.080057i,0.46948+0.76328i
-1.9694+0.29606i,0.77992+3.1136i,1.8764-0.66726i,-2.4538-1.4317i,-1.4892+2.4193i,1.9694-0.29606i,-0.77992-3.1136i,-1.8764+0.66726i
-1.1893-0.6473i,-2.032+1.8645i,0.54288+1.2405i,0.36396-0.13876i,-0.16947+0.35071i,1.1893+0.6473i,2.032-1.8645i,-0.54288-1.2405i
-0.69082+0.34816i,0.33139+0.11401i,-0.3304-0.69948i,-2.0465+1.4451i,0.7243+2.3983i,0.69082-0.34816i,-0.33139-0.11401i,0.3304+0.69948i
-1.624+0.23307i,0.47954+2.868i,1.6115-0.30791i,-1.9502-1.3205i,-1.4146+1.8831i,1.624-0.23307i,-0.47954-2.868i,-1.6115+0.30791i
-1.012-0.51917i,-1.9326+1.5082i,0.25773+1.1078i,0.31191+0.22286i,0.14039+0.35671i,1.012+0.51917i,1.9326-1.5082i,-0.25773-1.1078i
-0.60367+0.27997i,0.35877+0.15641i,-0.20574-0.63283i,-2.0519+1.2338i,0.49255+2.3431i,0.60367-0.27997i,-0.35877-0.15641i,0.20574+0.63283i
-1.3735+0.19827i,0.23099+2.6823i,1.3872-0.039468i,-1.5443-1.2094i,-1.3148+1.4556i,1.3735-0.19827i,-0.23099-2.6823i,-1.3872+0.039468i
-0.87764-0.43764i,-1.8451+1.2165i,0.056455+0.97907i,0.22784+0.50144i,0.37111+0.40698i,0.87764+0.43764i,1.8451-1.2165i,-0.056455-0.97907i
-0.52104+0.23434i,0.38993+0.20842i,-0.094627-0.56343i,-2.0437+1.0297i,0.27925+2.2713i,0.52104-0.23434i,-0.38993-0.20842i,0.094627+0.56343i
-1.1897+0.17774i,0.015552+2.5345i,1.1918+0.16313i,-1.2097-1.0947i,-1.1962+1.1095i,1.1897-0.17774i,-0.015552-2.5345i,-1.1918-0.16313i
-0.7682-0.38702i,-1.7621+0.96985i,-0.084012+0.85607i,0.12075+0.71712i,0.54126+0.48568i,0.7682+0.38702i,1.7621-0.96985i,0.084012-0.85607i
-0.4448+0.20737i,0.42077+0.27008i,0.0033065-0.49076i,-2.0205+0.83307i,0.084017+2.1839i,0.4448-0.20737i,-0.42077-0.27008i,-0.0033065+0.49076i
-1.0532+0.16306i,-0.17774+2.4096i,1.0179+0.31583i,-0.93026-0.97373i,-1.0631+0.82669i,1.0532-0.16306i,0.17774-2.4096i,-1.0179-0.31583i
-0.67275-0.35651i,-1.6791+0.75664i,-0.17856+0.74014i,-0.0030482+0.88236i,0.66303+0.58221i,0.67275+0.35651i,1.6791-0.75664i,0.17856-0.74014i
-0.3763+0.19555i,0.44786+0.34076i,0.088099-0.41483i,-1.9816+0.64496i,-0.093073+2.0819i,0.3763-0.19555i,-0.44786-0.34076i,-0.088099+0.41483i
-0.95027+0.14904i,-0.3552+2.2973i,0.86089+0.42907i,-0.69605-0.84533i,-0.91884+0.59565i,0.95027-0.14904i,0.3552-2.2973i,-0.86089-0.42907i
-0.58473-0.33845i,-1.5933+0.57008i,-0.23729+0.63257i,-0.13861+1.0051i,0.74478+0.68903i,0.58473+0.33845i,1.5933-0.57008i,0.23729-0.63257i
-0.31656+0.19575i,0.46849+0.41941i,0.15966-0.3362i,-1.9267+0.46685i,-0.25164+1.9664i,0.31656-0.19575i,-0.46849-0.41941i,-0.15966+0.3362i
-0.87112+0.13249i,-0.52037+2.1912i,0.71853+0.51001i,-0.50099-0.70947i,-0.76648+0.40846i,0.87112-0.13249i,0.52037-2.1912i,-0.71853-0.51001i
-0.50029-0.3272i,-1.5032+0.40608i,-0.26748+0.53461i,-0.28176+1.0907i,0.79265+0.80047i,0.50029+0.3272i,1.5032-0.40608i,0.26748-0.53461i
-0.26627+0.20511i,0.48055+0.50474i,0.21793-0.25589i,-1.8561+0.30046i,-0.39117+1.8391i,0.26627-0.20511i,-0.48055-0.50474i,-0.21793+0.25589i
-0.80828+0.11153i,-0.67513+2.0865i,0.58974+0.56388i,-0.34125-0.56692i,-0.60867+0.25956i,0.80828-0.11153i,0.67513-2.0865i,-0.58974-0.56388i
-0.41728-0.31851i,-1.4084+0.26223i,-0.27469+0.44735i,-0.42878+1.143i,0.81142+0.91213i,0.41728+0.31851i,1.4084-0.26223i,0.27469-0.44735i
-0.22587+0.221i,0.48245+0.59528i,0.26299-0.17521i,-1.7707+0.14762i,-0.51115+1.7017i,0.22587-0.221i,-0.48245-0.59528i,-0.26299+0.17521i
-0.75592+0.085208i,-0.82035+1.9805i,0.47427+0.59477i,-0.2144-0.41905i,-0.44792+0.14471i,0.75592-0.085208i,0.82035-1.9805i,-0.47427-0.59477i
-0.33473-0.30914i,-1.3089+0.13703i,-0.26344+0.37177i,-0.57627+1.1651i,0.80508+1.0205i,0.33473+0.30914i,1.3089-0.13703i,0.26344-0.37177i
-0.19548+0.24088i,0.47303+0.68947i,0.2951-0.095693i,-1.6718+0.010153i,-0.61114+1.5561i,0.19548-0.24088i,-0.47303-0.68947i,-0.2951+0.095693i
-0.70934+0.053269i,-0.9563+1.8712i,0.37236+0.6061i,-0.11877-0.26767i,-0.28651+0.060544i,0.70934-0.053269i,0.9563-1.8712i,-0.37236-0.6061i
-0.25243-0.29659i,-1.2053+0.029589i,-0.23757+0.30862i,-0.72109+1.1594i,0.77711+1.1226i,0.25243+0.29659i,1.2053-0.029589i,0.23757-0.30862i
-0.17492+0.26238i,0.45148+0.78569i,0.31477-0.019007i,-1.5611-0.11023i,-0.69084+1.4042i,0.17492-0.26238i,-0.45148-0.78569i,-0.31477+0.019007i
-0.66467+0.015998i,-1.0829+1.7575i,0.28456+0.60089i,-0.05313-0.11491i,-0.12653+0.0042077i,0.66467-0.015998i,1.0829-1.7575i,-0.28456-0.60089i
-0.17077-0.27897i,-1.0985-0.060724i,-0.20048+0.25845i,-0.8603+1.1284i,0.73068+1.2164i,0.17077+0.27897i,1.0985+0.060724i,0.20048-0.25845i
-0.16369+0.2832i,0.41733+0.88238i,0.32276+0.053133i,-1.4407-0.21194i,-0.75012+1.2481i,0.16369-0.2832i,-0.41733-0.88238i,-0.32276-0.053133i
-0.61868-0.025895i,-1.2001+1.639i,0.21153+0.58197i,-0.016486+0.036875i,0.030174-0.026852i,0.61868+0.025895i,1.2001-1.639i,-0.21153-0.58197i
-0.090486-0.25494i,-0.98954-0.1344i,-0.1552+0.22157i,-0.99122+1.0744i,0.66877+1.2998i,0.090486+0.25494i,0.98954+0.1344i,0.1552-0.22157i
-0.16098+0.30121i,0.37038+0.97799i,0.32012+0.11901i,-1.3129-0.29362i,-0.78901+1.0896i,0.16098-0.30121i,-0.37038-0.97799i,-0.32012-0.11901i
-0.56863-0.071343i,-1.3075+1.5158i,0.15401+0.55201i,-0.007904+0.18518i,0.18202-0.03499i,0.56863+0.071343i,1.3075-1.5158i,-0.15401-0.55201i
-0.012603-0.22358i,-0.87978-0.1919i,-0.10456+0.19802i,-1.1114+0.99962i,0.59417+1.3716i,0.012603+0.22358i,0.87978+0.1919i,0.10456-0.19802i
-0.1657+0.31436i,0.31062+1.0711i,0.30818+0.17694i,-1.1803-0.35411i,-0.80771+0.93061i,0.1657-0.31436i,-0.31062-1.0711i,-0.30818-0.17694i
-0.51223-0.11899i,-1.4052+1.388i,0.1127+0.51365i,-0.026446+0.32741i,0.32771-0.022426i,0.51223+0.11899i,1.4052-1.388i,-0.1127-0.51365i
0.061707-0.1844i,-0.7706-0.23376i,-0.05114+0.18761i,-1.2186+0.9066i,0.50956+1.4308i,-0.061707+0.1844i,0.7706+0.23376i,0.05114-0.18761i
-0.17642+0.32077i,0.23826+1.1606i,0.28854+0.22532i,-1.0458-0.39251i,-0.80655+0.77279i,0.17642-0.32077i,-0.23826-1.1606i,-0.28854-0.22532i
-0.44753-0.16725i,-1.4931+1.2563i,0.088273+0.46954i,-0.071123+0.46095i,0.46632+0.0087282i,0.44753+0.16725i,1.4931-1.2563i,-0.088273-0.46954i
0.13118-0.13728i,-0.66344-0.2606i,0.0026812+0.18986i,-1.311+0.79782i,0.41748+1.4768i,-0.13118+0.13728i,0.66344+0.2606i,-0.0026812-0.18986i
-0.1914+0.3187i,0.15358+1.2452i,0.2631+0.26264i,-0.91245-0.40817i,-0.78592+0.61765i,0.1914-0.3187i,-0.15358-1.2452i,-0.2631-0.26264i
-0.37286-0.2143i,-1.5716+1.1214i,0.081347+0.42229i,-0.14089+0.58315i,0.59726+0.056474i,0.37286+0.2143i,1.5716-1.1214i,-0.081347-0.42229i
0.19455-0.082416i,-0.55972-0.27318i,0.054719+0.20407i,-1.3868+0.67592i,0.32035+1.5091i,-0.19455+0.082416i,0.55972+0.27318i,-0.054719-0.20407i
-0.20857+0.30652i,0.056917+1.3243i,0.2341+0.28749i,-0.78356-0.40069i,-0.74629+0.46643i,0.20857-0.30652i,-0.056917-1.3243i,-0.2341-0.28749i
-0.28675-0.25816i,-1.6415+0.98388i,0.092505+0.37459i,-0.23468+0.6914i,0.72039+0.11895i,0.28675+0.25816i,1.6415-0.98388i,-0.092505-0.37459i
0.25055-0.020334i,-0.46082-0.27237i,0.103+0.22931i,-1.4449+0.54362i,0.22044+1.5279i,-0.25055+0.020334i,0.46082+0.27237i,-0.103-0.22931i
-0.2255+0.28273i,-0.05147+1.3974i,0.20409+0.29856i,-0.66261-0.36985i,-0.68802+0.3201i,0.2255-0.28273i,0.05147-1.3974i,-0.20409-0.29856i
-0.18786-0.29667i,-1.7037+0.84452i,0.12235+0.32914i,-0.35145+0.78314i,0.83606+0.1945i,0.18786+0.29667i,1.7037-0.84452i,-0.12235-0.32914i
0.29804+0.048173i,-0.36801-0.25919i,0.14577+0.26439i,-1.4841+0.40373i,0.11987+1.5334i,-0.29804-0.048173i,0.36801+0.25919i,-0.14577-0.26439i
-0.23935+0.24594i,-0.1715+1.4644i,0.17604+0.29459i,-0.55337-0.31562i,-0.61132+0.17922i,0.23935-0.24594i,0.1715-1.4644i,-0.17604-0.29459i
-0.074865-0.32745i,-1.7599+0.70379i,0.17157+0.28878i,-0.49029+0.85577i,0.94518+0.28172i,0.074865+0.32745i,1.7599-0.70379i,-0.17157-0.28878i
0.33598+0.12206i,-0.28248-0.23474i,0.18149+0.30796i,-1.504+0.25912i,0.020557+1.5261i,-0.33598-0.12206i,0.28248+0.23474i,-0.18149-0.30796i
-0.24673+0.19475i,-0.30345+1.5256i,0.15342+0.27434i,-0.45997-0.23806i,-0.51606+0.043915i,0.24673-0.19475i,0.30345-1.5256i,-0.15342-0.27434i
0.05373-0.34791i,-1.8122+0.5619i,0.24113+0.25648i,-0.65057+0.90668i,1.0494+0.37959i,-0.05373+0.34791i,1.8122-0.5619i,-0.24113-0.25648i
0.36347+0.20003i,-0.20521-0.20023i,0.20889+0.35845i,-1.5042+0.11271i,-0.07576+1.5065i,-0.36347-0.20003i,0.20521+0.20023i,-0.20889-0.35845i
-0.24358+0.12768i,-0.44823+1.5819i,0.14039+0.23648i,-0.38706-0.13716i,-0.40148-0.086274i,0.24358-0.12768i,0.44823-1.5819i,-0.14039-0.23648i
0.19981-0.35505i,-1.8638+0.41853i,0.33243+0.23554i,-0.83221+0.93307i,1.1512+0.48767i,-0.19981+0.35505i,1.8638-0.41853i,-0.33243-0.23554i
0.37979+0.28057i,-0.13702-0.15689i,0.22691+0.4141i,-1.4848-0.032546i,-0.16757+1.4756i,-0.37979-0.28057i,0.13702+0.15689i,-0.22691-0.4141i
-0.22479+0.043011i,-0.60774+1.635i,0.14212+0.17939i,-0.34015-0.012711i,-0.26587-0.21255i,0.22479-0.043011i,0.60774-1.635i,-0.14212-0.17939i
0.366-0.34535i,-1.9189+0.27262i,0.4477+0.22974i,-1.036+0.93173i,1.2545+0.60631i,-0.366+0.34535i,1.9189-0.27262i,-0.4477-0.22974i
0.38442+0.36192i,-0.078538-0.1059i,0.23475+0.47292i,-1.4461-0.17363i,-0.25361+1.4342i,-0.38442-0.36192i,0.078538+0.1059i,-0.23475-0.47292i
-0.18368-0.061527i,-0.7855+1.6875i,0.16534+0.10093i,-0.32614+0.13605i,-0.10588-0.33714i,0.18368+0.061527i,0.7855-1.6875i,-0.16534-0.10093i
0.55629-0.31427i,-1.9835+0.12186i,0.59058+0.24381i,-1.2642+0.89866i,1.3647+0.73715i,-0.55629+0.31427i,1.9835-0.12186i,-0.59058-0.24381i
0.37699+0.44197i,-0.030121-0.048218i,0.23183+0.53264i,-1.3887-0.3074i,-0.33287+1.3828i,-0.37699-0.44197i,0.030121+0.048218i,-0.23183-0.53264i
-0.111-0.18918i,-0.98776+1.7436i,0.21933-0.0020498i,-0.35432+0.31088i,0.08449-0.46373i,0.111+0.18918i,0.98776-1.7436i,-0.21933+0.0020498i
0.77687-0.25566i,-2.0662-0.038038i,0.76693+0.28408i,-1.5215+0.82838i,1.49+0.88382i,-0.77687+0.25566i,2.0662+0.038038i,-0.76693-0.28408i
0.35731+0.51802i,0.0081377+0.015684i,0.21779+0.59041i,-1.3137-0.43029i,-0.40464+1.3218i,-0.35731-0.51802i,-0.0081377-0.015684i,-0.21779-0.59041i
0.0068129-0.34487i,-1.2252+1.8096i,0.31769-0.13438i,-0.43814+0.51523i,0.31571-0.59813i,-0.0068129+0.34487i,1.2252-1.8096i,-0.31769+0.13438i
1.0374-0.16045i,-2.1791-0.21462i,0.98618+0.35976i,-1.8162+0.71261i,1.6423+1.0532i,-1.0374+0.16045i,2.1791+0.21462i,-0.98618-0.35976i
0.32527+0.58612i,0.0365+0.086612i,0.19234+0.64214i,-1.2221-0.53771i,-0.46861+1.2502i,-0.32527-0.58612i,-0.0365-0.086612i,-0.19234-0.64214i
0.19053-0.53594i,-1.5161+1.8943i,0.48118-0.30332i,-0.59805+0.75505i,0.60567-0.74895i,-0.19053+0.53594i,1.5161-1.8943i,-0.48118+0.30332i
1.3519-0.014734i,-2.3389-0.42064i,1.262+0.48482i,-2.161+0.53837i,1.838+1.2576i,-1.3519+0.014734i,2.3389+0.42064i,-1.262-0.48482i
0.28067+0.63893i,0.05577+0.16882i,0.15517+0.68039i,-1.1148-0.62185i,-0.52501+1.1636i,-0.28067-0.63893i,-0.05577-0.16882i,-0.15517-0.68039i
0.4705-0.77045i,-1.8883+2.0079i,0.74015-0.51686i,-0.86398+1.0371i,0.98214-0.92595i,-0.4705+0.77045i,1.8883-2.0079i,-0.74015+0.51686i
1.7291+0.20021i,-2.5577-0.67412i,1.6032+0.67809i,-2.5637+0.28797i,2.0887+1.5142i,-1.7291-0.20021i,2.5577+0.67412i,-1.6032-0.67809i
0.22259+0.65753i,0.067887+0.27825i,0.10524+0.68616i,-0.99229-0.66351i,-0.57522+1.0459i,-0.22259-0.65753i,-0.067887-0.27825i,-0.10524-0.68616i
0.86005-1.0286i,-2.3534+2.133i,1.1079-0.7551i,-1.2486+1.3402i,1.4562-1.1112i,-0.86005+1.0286i,2.3534-2.133i,-1.1079+0.7551i
2.0566+0.46603i,-2.7256-0.95642i,1.8969+0.92127i,-2.911-0.019157i,2.2847+1.804i,-2.0566-0.46603i,2.7256+0.95642i,-1.8969-0.92127i
0.14657+0.56482i,0.078721+0.48925i,0.037998+0.58229i,-0.85123-0.58551i,-0.6246+0.82297i,-0.14657-0.56482i,-0.078721-0.48925i,-0.037998-0.58229i
0.79195-0.84318i,-2.3423+1.805i,1.0172-0.5509i,-1.184+1.1963i,1.4585-0.84005i,-0.79195+0.84318i,2.3423-1.805i,-1.0172+0.5509i
-0.088953-0.29767i,-0.42254-0.1873i,-0.2803+0.13399i,-0.77864+0.69856i,0.0053033+1.0461i,0.088953+0.29767i,0.42254+0.1873i,0.2803-0.13399i
0.011481-0.48118i,0.13119+1.6412i,-0.087774-0.47324i,-0.6517+0.45404i,-0.71556-0.34475i,-0.011481+0.48118i,-0.13119-1.6412i,0.087774+0.47324i
-63.29+40.954i,61.703-40.142i,-63.089+41.264i,62.887-40.564i,-62.569+41.054i,63.29-40.954i,-61.703+40.142i,63.089-41.264i
224.36+121.43i,-224.72-121.89i,224.14+121.84i,-225.23-121.08i,224.32+122.77i,-224.36-121.43i,224.72+121.89i,-224.14-121.84i
0.04474-363.72i,3.0661e-11+364.97i,-0.04474-363.72i,-0.6223+363.69i,-0.6223-363.69i,-0.04474+363.72i,-1.2915e-10-364.97i,0.04474+363.72i
-225.15+121.91i,223.54-121.25i,-224.97+122.24i,224.72-121.49i,-224.39+122.12i,225.15-121.91i,-223.54+121.25i,224.97-122.24i
62.574+40.437i,-62.788-40.848i,62.325+40.819i,-63.446-40.137i,62.405+41.738i,-62.574-40.437i,62.788+40.848i,-62.325-40.819i
0.071982-0.40113i,-0.1381+1.7276i,-0.007346-0.40747i,-0.58973+0.38471i,-0.52113-0.47351i,-0.071982+0.40113i,0.1381-1.7276i,0.007346+0.40747i
-0.76301+0.13325i,-0.83816+0.37153i,-0.61114+0.47587i,0.31896+0.31301i,0.01772+0.44654i,0.76301-0.13325i,0.83816-0.37153i,0.61114-0.47587i
-1.4344-1.3887i,1.3543+1.0436i,-1.7084-1.0331i,0.57005+1.6356i,-1.7269-0.13437i,1.4344+1.3887i,-1.3543-1.0436i,1.7084+1.0331i
-0.081044+0.72329i,-0.10623+0.6602i,-0.14993+0.7122i,-0.38075-0.7235i,-0.58849+0.56755i,0.081044-0.72329i,0.10623-0.6602i,0.14993-0.7122i
-2.9665+0.84027i,1.3897-0.48765i,-2.8411+1.1976i,2.4948-0.37581i,-2.1826+1.2655i,2.9665-0.84027i,-1.3897+0.48765i,2.8411-1.1976i
-1.4254-1.5912i,1.4667+1.3294i,-1.7233-1.2626i,0.5772+1.7854i,-1.8334-0.39941i,1.4254+1.5912i,-1.4667-1.3294i,1.7233+1.2626i
-0.18658+0.89119i,-0.12934+0.53014i,-0.24481+0.87698i,-0.22403-0.86884i,-0.59899+0.66804i,0.18658-0.89119i,0.12934-0.53014i,0.24481-0.87698i
-2.689+0.51031i,1.1566-0.30485i,-2.5912+0.88137i,2.1863-0.034936i,-1.9195+1.0472i,2.689-0.51031i,-1.1566+0.30485i,2.5912-0.88137i
-0.95792-1.339i,1.1055+1.1755i,-1.2777-1.0382i,0.13311+1.4818i,-1.4709-0.22372i,0.95792+1.339i,-1.1055-1.1755i,1.2777+1.0382i
-0.2852+0.94301i,-0.16395+0.49628i,-0.33267+0.92732i,-0.07978-0.89252i,-0.59576+0.66936i,0.2852-0.94301i,0.16395-0.49628i,0.33267-0.92732i
-2.3526+0.22508i,0.88402-0.15899i,-2.2836+0.60873i,1.8169+0.25361i,-1.6146+0.87075i,2.3526-0.22508i,-0.88402+0.15899i,2.2836-0.60873i
-0.60067-1.0989i,0.8377+1.0467i,-0.94055-0.82683i,-0.19362+1.1928i,-1.2062-0.072418i,0.60067+1.0989i,-0.8377-1.0467i,0.94055+0.82683i
-0.38059+0.95441i,-0.20339+0.48264i,-0.41731+0.93893i,0.055014-0.87112i,-0.58507+0.64775i,0.38059-0.95441i,0.20339-0.48264i,0.41731-0.93893i
-2.0694+0.0043674i,0.68246-0.067216i,-2.0305+0.39944i,1.4997+0.4699i,-1.3792+0.75345i,2.0694-0.0043674i,-0.68246+0.067216i,2.0305-0.39944i
-0.34203-0.89089i,0.65018+0.96025i,-0.70019-0.64838i,-0.41508+0.93928i,-1.0263+0.036636i,0.34203+0.89089i,-0.65018-0.96025i,0.70019+0.64838i
-0.4727+0.94298i,-0.24475+0.47172i,-0.49878+0.92945i,0.17977-0.82319i,-0.56952+0.62098i,0.4727-0.94298i,0.24475-0.47172i,0.49878-0.92945i
-1.8298-0.169i,0.54076-0.0099552i,-1.8223+0.23623i,1.2264+0.63112i,-1.2023+0.67584i,1.8298+0.169i,-0.54076+0.0099552i,1.8223-0.23623i
-0.1533-0.70734i,0.51316+0.90585i,-0.5279-0.49514i,-0.56053+0.71457i,-0.90108+0.11342i,0.1533+0.70734i,-0.51316-0.90585i,0.5279+0.49514i
-0.56061+0.9149i,-0.28604+0.45789i,-0.57631+0.9051i,0.29316-0.75594i,-0.55076+0.59502i,0.56061-0.9149i,0.28604-0.45789i,0.57631-0.9051i
-1.6195-0.3073i,0.44274+0.0272i,-1.645+0.10674i,0.98389+0.7497i,-1.0683+0.62362i,1.6195+0.3073i,-0.44274-0.0272i,1.645-0.10674i
-0.015307-0.54146i,0.40677+0.87387i,-0.40445-0.36032i,-0.64981+0.51274i,-0.8107+0.16709i,0.015307+0.54146i,-0.40677-0.87387i,0.40445+0.36032i
-0.64313+0.87313i,-0.32567+0.43911i,-0.64884+0.86889i,0.39373-0.6734i,-0.53011+0.57225i,0.64313-0.87313i,0.32567-0.43911i,0.64884-0.86889i
-1.4288-0.41793i,0.37643+0.053479i,-1.4887+0.0034333i,0.76364+0.83331i,-0.96552+0.58765i,1.4288+0.41793i,-0.37643-0.053479i,1.4887-0.0034333i
0.084012-0.38913i,0.31869+0.85735i,-0.31778-0.23978i,-0.69572+0.3304i,-0.74261+0.20425i,-0.084012+0.38913i,-0.31869-0.85735i,0.31778+0.23978i
-0.71903+0.81955i,-0.36226+0.41478i,-0.71533+0.82278i,0.48014-0.57857i,-0.50869+0.55364i,0.71903-0.81955i,0.36226-0.41478i,0.71533-0.82278i
-1.2518-0.5054i,0.33335+0.074855i,-1.3477-0.078321i,0.56069+0.88689i,-0.88605+0.56201i,1.2518+0.5054i,-0.33335-0.074855i,1.3477+0.078321i
0.1525-0.2481i,0.24119+0.85119i,-0.25998-0.13122i,-0.70695+0.16592i,-0.68891+0.22961i,-0.1525+0.2481i,-0.24119-0.85119i,0.25998+0.13122i
-0.78713+0.75568i,-0.3946+0.38503i,-0.77477+0.76834i,0.55125-0.47408i,-0.48747+0.53945i,0.78713-0.75568i,0.3946-0.38503i,0.77477-0.76834i
-1.0847-0.57255i,0.30736+0.0953i,-1.2183-0.14153i,0.3725+0.91381i,-0.82413+0.54278i,1.0847+0.57255i,-0.30736-0.0953i,1.2183+0.14153i
0.19558-0.11732i,0.16939+0.85156i,-0.22559-0.033547i,-0.68982+0.018739i,-0.64448+0.24667i,-0.19558+0.11732i,-0.16939-0.85156i,0.22559+0.033547i
-0.84636+0.68295i,-0.42163+0.35037i,-0.82633+0.70705i,0.60617-0.36247i,-0.4673+0.52959i,0.84636-0.68295i,0.42163-0.35037i,0.82633-0.70705i
-0.92572-0.62133i,0.29381+0.1175i,-1.0989-0.18832i,0.1981+0.91666i,-0.77554+0.52729i,0.92572+0.62133i,-0.29381-0.1175i,1.0989+0.18832i
0.21726+0.0035405i,0.10018+0.85545i,-0.21056+0.053644i,-0.64925-0.11112i,-0.60601+0.25813i,-0.21726-0.0035405i,-0.10018-0.85545i,0.21056-0.053644i
-0.89581+0.60276i,-0.44246+0.31162i,-0.86931+0.64038i,0.64429-0.24623i,-0.44889+0.52368i,0.89581-0.60276i,0.44246-0.31162i,0.86931-0.64038i
-0.77386-0.6532i,0.28901+0.14326i,-0.98842-0.22034i,0.037394+0.89764i,-0.73702+0.51377i,0.77386+0.6532i,-0.28901-0.14326i,0.98842+0.22034i
0.22069+0.11443i,0.031692+0.86044i,-0.21168+0.13035i,-0.58937-0.22336i,-0.57134+0.26611i,-0.22069-0.11443i,-0.031692-0.86044i,0.21168-0.13035i
-0.93471+0.51653i,-0.45636+0.26974i,-0.90322+0.56981i,0.6653-0.12784i,-0.4328+0.52121i,0.93471-0.51653i,0.45636-0.26974i,0.90322-0.56981i
-0.62882-0.66938i,0.28991+0.17377i,-0.88677-0.23902i,-0.10911+0.85877i,-0.70594+0.50105i,0.62882+0.66938i,-0.28991-0.17377i,0.88677+0.23902i
0.20855+0.21506i,-0.037158+0.86458i,-0.22623+0.19638i,-0.51381-0.31759i,-0.53916+0.27234i,-0.20855-0.21506i,0.037158-0.86458i,0.22623-0.19638i
-0.96249+0.42573i,-0.46276+0.22586i,-0.92778+0.49685i,0.6692-0.0097956i,-0.41944+0.52154i,0.96249-0.42573i,0.46276-0.22586i,0.92778-0.49685i
-0.49068-0.67098i,0.29396+0.20974i,-0.79411-0.24571i,-0.24061+0.80205i,-0.68015+0.48843i,0.49068+0.67098i,-0.29396-0.20974i,0.79411+0.24571i
0.18318+0.30508i,-0.10684+0.86625i,-0.25182+0.25143i,-0.42587-0.39348i,-0.50871+0.27821i,-0.18318-0.30508i,0.10684-0.86625i,0.25182-0.25143i
-0.97875+0.33182i,-0.46129+0.1812i,-0.94293+0.42303i,0.6563+0.10548i,-0.40905+0.52396i,0.97875-0.33182i,0.46129-0.1812i,0.94293-0.42303i
-0.35975-0.65909i,0.29893+0.25153i,-0.71089-0.24177i,-0.35615+0.72948i,-0.65785+0.47562i,0.35975+0.65909i,-0.29893-0.25153i,0.71089+0.24177i
0.14677+0.38412i,-0.17741+0.86414i,-0.28624+0.29522i,-0.32864-0.45079i,-0.47967+0.28484i,-0.14677-0.38412i,0.17741-0.86414i,0.28624-0.29522i
-0.9833+0.23625i,-0.45173+0.13703i,-0.94884+0.34986i,0.62721+0.21563i,-0.40171+0.52775i,0.9833-0.23625i,0.45173-0.13703i,0.94884-0.34986i
-0.23644-0.63484i,0.30289+0.29919i,-0.6377-0.22863i,-0.45476+0.64315i,-0.63752+0.46262i,0.23644+0.63484i,-0.30289-0.29919i,0.6377+0.22863i
0.10136+0.4519i,-0.24859+0.85721i,-0.3274+0.32756i,-0.22507-0.4895i,-0.45203+0.29314i,-0.10136-0.4519i,0.24859-0.85721i,0.3274-0.32756i
-0.97612+0.14043i,-0.43404+0.094673i,-0.94594+0.27881i,0.58284+0.31836i,-0.39732+0.53215i,0.97612-0.14043i,0.43404-0.094673i,0.94594-0.27881i
-0.12115-0.59941i,0.30414+0.35258i,-0.57515-0.2078i,-0.5355+0.5452i,-0.61787+0.44971i,0.12115+0.59941i,-0.30414-0.35258i,0.57515+0.2078i
0.048932+0.50825i,-0.31988+0.84467i,-0.37333+0.34833i,-0.11792-0.50977i,-0.42602+0.30377i,-0.048932-0.50825i,0.31988-0.84467i,0.37333-0.34833i
-0.95736+0.045699i,-0.40835+0.05546i,-0.93487+0.2113i,0.52436+0.41153i,-0.3956+0.53647i,0.95736-0.045699i,0.40835-0.05546i,0.93487-0.2113i
-0.014236-0.55402i,0.3012+0.41137i,-0.52386-0.18089i,-0.59754+0.43783i,-0.59784+0.43741i,0.014236+0.55402i,-0.3012-0.41137i,0.52386+0.18089i
-0.0086282+0.55314i,-0.39065+0.82596i,-0.42211+0.35758i,-0.0098347-0.51202i,-0.40204+0.31722i,0.0086282-0.55314i,0.39065-0.82596i,0.42211-0.35758i
-0.92733-0.046723i,-0.37493+0.020726i,-0.91653+0.14865i,0.4532+0.49311i,-0.39609+0.54006i,0.92733+0.046723i,0.37493-0.020726i,0.91653-0.14865i
0.084117-0.49995i,0.29275+0.4751i,-0.48439-0.14965i,-0.64017+0.32326i,-0.57657+0.42647i,-0.084117+0.49995i,-0.29275-0.4751i,0.48439+0.14965i
-0.069493+0.58674i,-0.46014+0.80076i,-0.47193+0.35548i,0.096732-0.4969i,-0.3806+0.33378i,0.069493-0.58674i,0.46014-0.80076i,0.47193-0.35548i
-0.88648-0.13575i,-0.3342-0.0082042i,-0.89207+0.09209i,0.37104+0.56124i,-0.39813+0.54236i,0.88648+0.13575i,0.3342+0.0082042i,0.89207-0.09209i
0.1739-0.4385i,0.27766+0.54328i,-0.45725-0.11593i,-0.66281+0.20372i,-0.55338+0.41784i,-0.1739+0.4385i,-0.27766-0.54328i,0.45725+0.11593i
-0.13192+0.60936i,-0.52754+0.76893i,-0.52105+0.34238i,0.19949-0.46528i,-0.3623+0.35358i,0.13192-0.60936i,0.52754-0.76893i,0.52105-0.34238i
-0.83532-0.22048i,-0.28668-0.030013i,-0.86287+0.042697i,0.27973+0.6142i,-0.40087+0.54295i,0.83532+0.22048i,0.28668+0.030013i,0.86287-0.042697i
0.25536-0.37095i,0.25491+0.6154i,-0.44286-0.081734i,-0.66503+0.081386i,-0.5278+0.4127i,-0.25536+0.37095i,-0.25491-0.6154i,0.44286+0.081734i
-0.19425+0.62153i,-0.59208+0.73054i,-0.56783+0.31876i,0.29637-0.41826i,-0.34781+0.37657i,0.19425-0.62153i,0.59208-0.73054i,0.56783-0.31876i
-0.77444-0.30025i,-0.23296-0.043374i,-0.8306+0.0014101i,0.18131+0.65042i,-0.40325+0.54158i,0.77444+0.30025i,0.23296+0.043374i,0.8306-0.0014101i
0.32906-0.29855i,0.22359+0.69101i,-0.44158-0.049195i,-0.64646-0.041648i,-0.49953+0.41245i,-0.32906+0.29855i,-0.22359-0.69101i,0.44158+0.049195i
-0.25494+0.62399i,-0.65299+0.68585i,-0.61073+0.28525i,0.38554-0.35713i,-0.33779+0.4026i,0.25494-0.62399i,0.65299-0.68585i,0.61073-0.28525i
-0.70438-0.37465i,-0.17369-0.046922i,-0.79722-0.030999i,0.077998+0.6684i,-0.40395+0.5382i,0.70438+0.37465i,0.17369+0.046922i,0.79722+0.030999i
0.39599-0.22245i,0.18283+0.76984i,-0.45372-0.020657i,-0.60674-0.16343i,-0.46848+0.41878i,-0.39599+0.22245i,-0.18283-0.76984i,0.45372+0.020657i
-0.31256+0.61767i,-0.70962+0.63527i,-0.64836+0.24258i,0.46542-0.28335i,-0.33292+0.43135i,0.31256-0.61767i,0.70962-0.63527i,0.64836-0.24258i
-0.62559-0.44364i,-0.1095-0.039179i,-0.76503-0.053928i,-0.027881+0.66667i,-0.40138+0.53303i,0.62559+0.44364i,0.1095+0.039179i,0.76503+0.053928i
0.45762-0.14364i,0.13171+0.85188i,-0.47963+0.0012747i,-0.54543-0.28222i,-0.43472+0.43377i,-0.45762+0.14364i,-0.13171-0.85188i,0.47963-0.0012747i
-0.36584+0.60371i,-0.76144+0.57934i,-0.67942+0.19157i,0.53475-0.19847i,-0.33391+0.46245i,0.36584-0.60371i,0.76144-0.57934i,0.67942-0.19157i
-0.53824-0.50763i,-0.040921-0.01844i,-0.73683-0.066953i,-0.13385+0.64368i,-0.39354+0.52666i,0.53824+0.50763i,0.040921+0.01844i,0.73683+0.066953i
0.51615-0.062828i,0.06916+0.93758i,-0.51978+0.013587i,-0.46174-0.39656i,-0.39855+0.46001i,-0.51615+0.062828i,-0.06916-0.93758i,0.51978-0.013587i
-0.41364+0.58349i,-0.80812+0.51871i,-0.70274+0.13309i,0.59259-0.10412i,-0.34144+0.49541i,0.41364-0.58349i,0.80812-0.51871i,0.70274-0.13309i
-0.44208-0.56761i,0.031675+0.017434i,-0.71605-0.069822i,-0.23728+0.59753i,-0.37788+0.52014i,0.44208+0.56761i,-0.031675-0.017434i,0.71605+0.069822i
0.5747+0.019676i,-0.0063082+1.0281i,-0.5749+0.012622i,-0.35429-0.50533i,-0.36047+0.50095i,-0.5747-0.019676i,0.0063082-1.0281i,0.5749-0.012622i
-0.45502+0.55861i,-0.84957+0.45411i,-0.71726+0.067984i,0.63837-0.0019191i,-0.35625+0.52972i,0.45502-0.55861i,0.84957-0.45411i,0.71726-0.067984i
-0.33603-0.62537i,0.10826+0.07138i,-0.70718-0.062458i,-0.3353+0.52563i,-0.35101+0.51527i,0.33603+0.62537i,-0.10826-0.07138i,0.70718+0.062458i
0.63783+0.10423i,-0.096928+1.1256i,-0.64626-0.0063455i,-0.22056-0.60794i,-0.32125+0.56129i,-0.63783-0.10423i,0.096928-1.1256i,0.64626+0.0063455i
-0.48923+0.53098i,-0.886+0.38625i,-0.722-0.002952i,0.67188+0.10663i,-0.37915+0.56483i,0.48923-0.53098i,0.886-0.38625i,0.722+0.002952i
-0.21767-0.68393i,0.18935+0.14777i,-0.71632-0.044963i,-0.42462+0.42406i,-0.30818+0.51494i,0.21767+0.68393i,-0.18935-0.14777i,0.71632+0.044963i
0.71222+0.1923i,-0.20632+1.234i,-0.73604-0.049852i,-0.056012-0.70439i,-0.28211+0.64785i,-0.71222-0.1923i,0.20632-1.234i,0.73604+0.049852i
-0.51582+0.50275i,-0.91792+0.31578i,-0.71595-0.078988i,0.69327+0.22022i,-0.41105+0.60013i,0.51582-0.50275i,0.91792-0.31578i,0.71595+0.078988i
-0.082197-0.74807i,0.27628+0.25351i,-0.75237-0.017712i,-0.50115+0.28649i,-0.24243+0.52388i,0.082197+0.74807i,-0.27628-0.25351i,0.75237+0.017712i
0.80758+0.2872i,-0.34055+1.3596i,-0.84761-0.1274i,0.14715-0.79523i,-0.2451+0.7707i,-0.80758-0.2872i,0.34055-1.3596i,0.84761+0.1274i
-0.53489+0.476i,-0.9458+0.24309i,-0.69813-0.1591i,0.70263+0.33765i,-0.45275+0.63461i,0.53489-0.476i,0.9458-0.24309i,0.69813+0.1591i
0.079089-0.82488i,0.37129+0.39969i,-0.82847+0.018192i,-0.55907+0.10285i,-0.1437+0.54999i,-0.079089+0.82488i,-0.37129-0.39969i,0.82847-0.018192i
0.93619+0.39542i,-0.50916+1.5101i,-0.98449-0.25218i,0.40034-0.88031i,-0.21443+0.94299i,-0.93619-0.39542i,0.50916-1.5101i,0.98449+0.25218i
-0.54817+0.45054i,-0.9676+0.1679i,-0.66791-0.23953i,0.69783+0.45679i,-0.50315+0.66518i,0.54817-0.45054i,0.9676-0.1679i,0.66791+0.23953i
0.27851-0.92028i,0.47432+0.60016i,-0.95973+0.058337i,-0.58912-0.13769i,-0.0021558+0.605i,-0.27851+0.92028i,-0.47432-0.60016i,0.95973-0.058337i
1.0936+0.52607i,-0.71875+1.6767i,-1.1351-0.42928i,0.70273-0.94787i,-0.20193+1.1625i,-1.0936-0.52607i,0.71875-1.6767i,1.1351+0.42928i
-0.5655+0.40608i,-0.95997+0.088605i,-0.63027-0.29571i,0.6588+0.56402i,-0.54444+0.67508i,0.5655-0.40608i,0.95997-0.088605i,0.63027+0.29571i
0.48867-0.98308i,0.54329+0.81309i,-1.0953+0.075263i,-0.58085-0.37609i,0.12518+0.68056i,-0.48867+0.98308i,-0.54329-0.81309i,1.0953-0.075263i
0.9782+0.63619i,-0.83437+1.5843i,-1.078-0.4467i,0.7824-0.85403i,-0.26159+1.1283i,-0.9782-0.63619i,0.83437-1.5843i,1.078+0.4467i
-0.67725+0.061711i,-0.62699+0.0076947i,-0.67857-0.045072i,0.34757+0.48221i,-0.33563+0.49059i,0.67725-0.061711i,0.62699-0.0076947i,0.67857+0.045072i
-0.74415+0.55106i,-0.46221-0.82771i,0.85952-0.34445i,-0.78854+1.5096i,-1.6989-0.12059i,0.74415-0.55106i,0.46221+0.82771i,-0.85952+0.34445i
-14.778-3.2694i,7.6937-12.15i,9.2738+11.961i,-14.145+5.203i,-1.3442-15.011i,14.778+3.2694i,-7.6937+12.15i,-9.2738-11.961i
21.007+86.049i,-89.124-6.0246i,32.396-82.439i,68.395+57.428i,-75.502+47.701i,-21.007-86.049i,89.124+6.0246i,-32.396+82.439i
126.8-116.8i,71.801+156.76i,-171.27+19.726i,33.325-168.5i,149.35+84.823i,-126.8+116.8i,-71.801-156.76i,171.27-19.726i
-152.26-51.62i,96.1-127.93i,91.985+131.86i,-153.67+46.872i,2.2169-160.64i,152.26+51.62i,-96.1+127.93i,-91.985-131.86i
10.964+68.782i,-69.604-10.325i,30.458-62.637i,50.066+49.48i,-62.274+32.816i,-10.964-68.782i,69.604+10.325i,-30.458+62.637i
6.2602-4.9809i,2.7679+7.5888i,-7.997+0.21928i,1.4482-7.2823i,5.7967+4.6398i,-6.2602+4.9809i,-2.7679-7.5888i,7.997-0.21928i
0.35487+0.75167i,-0.93782+1.0606i,-0.78946-0.26018i,0.70201-0.46977i,-0.3803+0.75424i,-0.35487-0.75167i,0.93782-1.0606i,0.78946+0.26018i
-0.62153-0.37665i,-0.24482-0.056556i,-0.72376+0.065866i,-0.028726+0.44904i,-0.17114+0.41614i,0.62153+0.37665i,0.24482+0.056556i,0.72376-0.065866i
-0.76235+0.48773i,-0.20534-0.742i,0.90463+0.026408i,-1.0821+1.1553i,-1.5221-0.43468i,0.76235-0.48773i,0.20534+0.742i,-0.90463-0.026408i
-1.4965-0.15193i,0.42101-0.40579i,0.096745+1.5011i,-1.2076-0.099467i,-0.054951-1.2105i,1.4965+0.15193i,-0.42101+0.40579i,-0.096745-1.5011i
-0.5584-0.35441i,-0.26809-0.084932i,-0.66061-0.031776i,-0.050564+0.52673i,-0.26196+0.45976i,0.5584+0.35441i,0.26809+0.084932i,0.66061+0.031776i
-0.81886+0.49453i,-0.14464-0.75123i,0.94395+0.15512i,-1.1686+1.0736i,-1.4837-0.56294i,0.81886-0.49453i,0.14464+0.75123i,-0.94395-0.15512i
-1.3281-0.15221i,0.29405-0.24132i,-0.10982+1.3323i,-0.95663-0.16723i,0.022612-0.97087i,1.3281+0.15221i,-0.29405+0.24132i,0.10982-1.3323i
-0.50235-0.29895i,-0.30984-0.12612i,-0.56833-0.13687i,-0.071134+0.62139i,-0.38305+0.49443i,0.50235+0.29895i,0.30984+0.12612i,0.56833+0.13687i
-0.71163+0.41697i,-0.063368-0.5714i,0.7857+0.25092i,-1.1532+0.82399i,-1.3057-0.5513i,0.71163-0.41697i,0.063368+0.5714i,-0.7857-0.25092i
-1.1565-0.12155i,0.13587-0.094446i,-0.289+1.1264i,-0.69182-0.19465i,0.058588-0.71629i,1.1565+0.12155i,-0.13587+0.094446i,0.289-1.1264i
-0.45205-0.26673i,-0.31755-0.15984i,-0.48353-0.2042i,-0.12026+0.68496i,-0.47853+0.50463i,0.45205+0.26673i,0.31755+0.15984i,0.48353+0.2042i
-0.62314+0.36716i,-0.012651-0.41223i,0.64449+0.32826i,-1.1176+0.60729i,-1.1528-0.53761i,0.62314-0.36716i,0.012651+0.41223i,-0.64449-0.32826i
-1.0367-0.10389i,0.0070474-0.0041073i,-0.42062+0.95326i,-0.48614-0.18622i,0.077588-0.51477i,1.0367+0.10389i,-0.0070474+0.0041073i,0.42062-0.95326i
-0.40404-0.24611i,-0.30436-0.18497i,-0.40453-0.2453i,-0.18583+0.72361i,-0.55673+0.4982i,0.40404+0.24611i,0.30436+0.18497i,0.40453+0.2453i
-0.56148+0.34034i,0.013832-0.28156i,0.52541+0.39374i,-1.0716+0.42717i,-1.0245-0.53014i,0.56148-0.34034i,-0.013832+0.28156i,-0.52541-0.39374i
-0.95285-0.10004i,-0.094899+0.045598i,-0.5173+0.80644i,-0.32916-0.15384i,0.085573-0.35312i,0.95285+0.10004i,0.094899-0.045598i,0.5173-0.80644i
-0.35732-0.22947i,-0.27902-0.20167i,-0.32997-0.26731i,-0.25994+0.74208i,-0.62309+0.4796i,0.35732+0.22947i,0.27902+0.20167i,0.32997+0.26731i
-0.52161+0.32771i,0.022492-0.17358i,0.42086+0.44983i,-1.0168+0.2762i,-0.91282-0.52623i,0.52161-0.32771i,-0.022492+0.17358i,-0.42086-0.44983i
-0.89068-0.10702i,-0.17554+0.067712i,-0.58808+0.67744i,-0.2096-0.10541i,0.084518-0.21886i,0.89068+0.10702i,0.17554-0.067712i,0.58808-0.67744i
-0.31199-0.2127i,-0.24678-0.21024i,-0.25956-0.27423i,-0.33758+0.7433i,-0.68023+0.45137i,0.31199+0.2127i,0.24678+0.21024i,0.25956+0.27423i
-0.49866+0.32295i,0.017665-0.083443i,0.32501+0.49732i,-0.95422+0.14893i,-0.812-0.52285i,0.49866-0.32295i,-0.017665+0.083443i,-0.32501-0.49732i
-0.84107-0.122i,-0.23889+0.070868i,-0.63848+0.56092i,-0.11989-0.046266i,0.075266-0.10416i,0.84107+0.122i,0.23889-0.070868i,0.63848-0.56092i
-0.26857-0.19363i,-0.21105-0.21105i,-0.19363-0.26857i,-0.4152+0.72931i,-0.72931+0.4152i,0.26857+0.19363i,0.21105+0.21105i,0.19363+0.26857i
-0.48888+0.32177i,0.0023674-0.0079802i,0.23432+0.53632i,-0.88475+0.042003i,-0.71872-0.51769i,0.48888-0.32177i,-0.0023674+0.0079802i,-0.23432-0.53632i
-0.79816-0.14259i,-0.28763+0.060893i,-0.6719+0.45381i,-0.055089+0.019636i,0.058321-0.0043727i,0.79816+0.14259i,0.28763-0.060893i,0.6719-0.45381i
-0.22783-0.17114i,-0.17425-0.20453i,-0.13277-0.25212i,-0.49011+0.70178i,-0.77073+0.3724i,0.22783+0.17114i,0.17425+0.20453i,0.13277+0.25212i
-0.4894+0.32124i,-0.021131+0.05478i,0.14689+0.56668i,-0.80954-0.046615i,-0.63114-0.50912i,0.4894-0.32124i,0.021131-0.05478i,-0.14689-0.56668i
-0.75821-0.16681i,-0.32364+0.041935i,-0.69066+0.35454i,-0.011787+0.089156i,0.03412+0.083208i,0.75821+0.16681i,0.32364-0.041935i,0.69066-0.35454i
-0.19053-0.1448i,-0.13822-0.19123i,-0.077728-0.22634i,-0.56013+0.66226i,-0.80454+0.32412i,0.19053+0.1448i,0.13822+0.19123i,0.077728+0.22634i
-0.49788+0.31927i,-0.050982+0.1061i,0.061842+0.58821i,-0.72993-0.1182i,-0.54839-0.49602i,0.49788-0.31927i,0.050982-0.1061i,-0.061842-0.58821i
-0.71881-0.19293i,-0.34829+0.017111i,-0.69644+0.26245i,0.012566+0.15965i,0.0031424+0.16011i,0.71881+0.19293i,0.34829-0.017111i,0.69644-0.26245i
-0.15747-0.11463i,-0.10441-0.1718i,-0.029234-0.19257i,-0.62349+0.61229i,-0.83063+0.27145i,0.15747+0.11463i,0.10441+0.1718i,0.029234+0.19257i
-0.51234+0.31441i,-0.085582+0.14684i,-0.021031+0.60075i,-0.64739-0.17366i,-0.4702-0.47769i,0.51234-0.31441i,0.085582-0.14684i,0.021031-0.60075i
-0.67845-0.21943i,-0.36272-0.011131i,-0.69063+0.17741i,0.020059+0.22882i,-0.034053+0.22716i,0.67845+0.21943i,0.36272+0.011131i,0.69063-0.17741i
-0.12933-0.080944i,-0.073977-0.14697i,0.01203-0.1521i,-0.67874+0.55344i,-0.84885+0.21548i,0.12933+0.080944i,0.073977+0.14697i,-0.01203+0.1521i
-0.53102+0.30565i,-0.12348+0.17764i,-0.10148+0.60424i,-0.56351-0.21373i,-0.39667-0.45373i,0.53102-0.30565i,0.12348-0.17764i,0.10148-0.60424i
-0.63627-0.24496i,-0.36792-0.040801i,-0.67448+0.099602i,0.012549+0.29467i,-0.076807+0.28476i,0.63627+0.24496i,0.36792+0.040801i,0.67448-0.099602i
-0.10675-0.044274i,-0.04785-0.11756i,0.045482-0.10624i,-0.72473+0.48736i,-0.85907+0.15732i,0.10675+0.044274i,0.04785+0.11756i,-0.045482+0.10624i
-0.55235+0.29236i,-0.16335+0.19904i,-0.17899+0.59878i,-0.47989-0.23913i,-0.32816-0.42402i,0.55235-0.29236i,0.16335-0.19904i,0.17899-0.59878i
-0.59187-0.26834i,-0.36485-0.070249i,-0.64919+0.029388i,-0.0082042+0.35543i,-0.12436+0.33307i,0.59187+0.26834i,0.36485+0.070249i,0.64919-0.029388i
-0.09019-0.0053293i,-0.026756-0.084459i,0.070669-0.056289i,-0.7606+0.41574i,-0.86124+0.098059i,0.09019+0.0053293i,0.026756+0.084459i,-0.070669+0.056289i
-0.57488+0.27419i,-0.20393+0.21158i,-0.25285+0.58459i,-0.39814-0.25065i,-0.26514-0.38864i,0.57488-0.27419i,0.20393-0.21158i,0.25285-0.58459i
-0.5452-0.28853i,-0.35448-0.098099i,-0.61596-0.032808i,-0.040464+0.40959i,-0.17586+0.37212i,0.5452+0.28853i,0.35448+0.098099i,0.61596+0.032808i
-0.080015+0.035069i,-0.011233-0.048623i,0.087289-0.0035803i,-0.78575+0.34031i,-0.8554+0.03882i,0.080015-0.035069i,0.011233+0.048623i,-0.087289+0.0035803i
-0.59728+0.25106i,-0.24406+0.21581i,-0.32228+0.56206i,-0.31982-0.24917i,-0.20815-0.34791i,0.59728-0.25106i,0.24406-0.21581i,0.32228-0.56206i
-0.49649-0.30462i,-0.33778-0.1232i,-0.57602-0.086565i,-0.082484+0.45586i,-0.23038+0.40191i,0.49649+0.30462i,0.33778+0.1232i,0.57602+0.086565i
-0.076425+0.076021i,-0.0016362-0.01103i,0.095202+0.050562i,-0.79986+0.2628i,-0.84171-0.019298i,0.076425-0.076021i,0.0016362+0.01103i,-0.095202-0.050562i
-0.61834+0.22308i,-0.28266+0.21234i,-0.38648+0.53174i,-0.2464-0.2357i,-0.15775-0.30229i,0.61834-0.22308i,0.28266-0.21234i,0.38648-0.53174i
-0.44619-0.3159i,-0.31576-0.14463i,-0.53064-0.13152i,-0.13249+0.49321i,-0.28692+0.42247i,0.44619+0.3159i,0.31576+0.14463i,0.53064+0.13152i
-0.079469+0.11658i,0.0018471+0.027325i,0.094435+0.10483i,-0.80287+0.18496i,-0.82046-0.075223i,0.079469-0.11658i,-0.0018471-0.027325i,-0.094435-0.10483i
-0.63697+0.1906i,-0.31875+0.20185i,-0.44464+0.49433i,-0.17924-0.21139i,-0.11446-0.25241i,0.63697-0.1906i,0.31875-0.20185i,0.44464-0.49433i
-0.39491-0.32178i,-0.28944-0.16163i,-0.48111-0.1674i,-0.18868+0.52085i,-0.34445+0.43386i,0.39491+0.32178i,0.28944+0.16163i,0.48111+0.1674i
-0.089041+0.1558i,-0.0008033+0.065455i,0.085191+0.15793i,-0.79497+0.10845i,-0.79207-0.12793i,0.089041-0.1558i,0.0008033-0.065455i,-0.085191-0.15793i
-0.65221+0.15409i,-0.35146+0.18509i,-0.49603+0.45063i,-0.11955-0.17753i,-0.078754-0.19902i,0.65221-0.15409i,0.35146-0.18509i,0.49603-0.45063i
-0.34337-0.32185i,-0.25989-0.17365i,-0.42875-0.19406i,-0.24925+0.53823i,-0.40188+0.43625i,0.34337+0.32185i,0.25989+0.17365i,0.42875+0.19406i
-0.10489+0.19272i,-0.0094513+0.1024i,0.067837+0.20866i,-0.77658+0.034886i,-0.75708-0.17644i,0.10489-0.19272i,0.0094513-0.1024i,-0.067837-0.20866i
-0.66323+0.11418i,-0.38001+0.1629i,-0.54002+0.40161i,-0.068373-0.13551i,-0.050998-0.14296i,0.66323-0.11418i,0.38001-0.1629i,0.54002-0.40161i
-0.29239-0.31588i,-0.22816-0.18032i,-0.37489-0.21149i,-0.3124+0.54509i,-0.45816+0.4299i,0.29239+0.31588i,0.22816+0.18032i,0.37489+0.21149i
-0.1266+0.22646i,-0.023813+0.13724i,0.042904+0.25587i,-0.74838-0.034231i,-0.71616-0.21989i,0.1266-0.22646i,0.023813-0.13724i,-0.042904-0.25587i
-0.66937+0.071641i,-0.40377+0.13614i,-0.57609+0.3483i,-0.026543-0.086839i,-0.031458-0.085182i,0.66937-0.071641i,0.40377-0.13614i,0.57609-0.3483i
-0.24282-0.30378i,-0.1953-0.18143i,-0.32082-0.21982i,-0.37638+0.54137i,-0.51222+0.41518i,0.24282+0.30378i,0.1953+0.18143i,0.32082+0.21982i
-0.15363+0.25618i,-0.04347+0.16913i,0.01107+0.29851i,-0.71121-0.097535i,-0.6701-0.25749i,0.15363-0.25618i,0.04347-0.16913i,-0.01107-0.29851i
-0.67009+0.027298i,-0.42225+0.10577i,-0.60383+0.2918i,0.0053051-0.033086i,-0.020275-0.026679i,0.67009-0.027298i,0.42225-0.10577i,0.60383-0.2918i
-0.19555-0.28565i,-0.16235-0.17694i,-0.26782-0.21934i,-0.43946+0.52728i,-0.56304+0.3926i,0.19555+0.28565i,0.16235+0.17694i,0.26782+0.21934i
-0.18533+0.28113i,-0.067879+0.19731i,-0.026851+0.33565i,-0.66612-0.15381i,-0.61977-0.28856i,0.18533-0.28113i,0.067879-0.19731i,0.026851-0.33565i
-0.66504-0.017938i,-0.43508+0.072746i,-0.62303+0.23331i,0.026761+0.024123i,-0.017458+0.031516i,0.66504+0.017938i,0.43508-0.072746i,0.62303-0.23331i
-0.15144-0.26174i,-0.1303-0.16697i,-0.2171-0.2105i,-0.50004+0.50327i,-0.60968+0.36277i,0.15144+0.26174i,0.1303+0.16697i,0.2171+0.2105i
-0.22093+0.30067i,-0.096392+0.22111i,-0.069926+0.3665i,-0.61432-0.20204i,-0.56613-0.31258i,0.22093-0.30067i,0.096392-0.22111i,0.069926-0.3665i
-0.65401-0.063115i,-0.44203+0.038066i,-0.63359+0.174i,0.037641+0.083146i,-0.022872+0.088357i,0.65401+0.063115i,0.44203-0.038066i,0.63359-0.174i
-0.1113-0.23244i,-0.10008-0.15179i,-0.16979-0.19388i,-0.55661+0.46997i,-0.65126+0.32643i,0.1113+0.23244i,0.10008+0.15179i,0.16979+0.19388i
-0.25955+0.31429i,-0.12827+0.23998i,-0.11713+0.39042i,-0.55713-0.24137i,-0.51021-0.32914i,0.25955-0.31429i,0.12827-0.23998i,0.11713-0.39042i
-0.63698-0.10727i,-0.44305+0.0027185i,-0.63561+0.11508i,0.03799+0.14236i,-0.036241+0.14281i,0.63698+0.10727i,0.44305-0.0027185i,0.63561-0.11508i
-0.075917-0.1983i,-0.072543-0.1318i,-0.12692-0.17023i,-0.60781+0.42825i,-0.68698+0.2844i,0.075917+0.1983i,0.072543+0.1318i,0.12692+0.17023i
-0.30027+0.32161i,-0.1627+0.25348i,-0.16736+0.40692i,-0.49597-0.27119i,-0.45309-0.33799i,0.30027-0.32161i,0.1627-0.25348i,0.16736-0.40692i
-0.61406-0.14944i,-0.43819-0.032323i,-0.62934+0.057722i,0.028082+0.20016i,-0.057148+0.19388i,0.61406+0.14944i,0.43819+0.032323i,0.62934-0.057722i
-0.045955-0.15996i,-0.048457-0.10753i,-0.089392-0.14039i,-0.65243+0.37913i,-0.7162+0.23762i,0.045955+0.15996i,0.048457+0.10753i,0.089392+0.14039i
-0.34211+0.32238i,-0.19883+0.26133i,-0.21946+0.4157i,-0.43233-0.2911i,-0.39586-0.33903i,0.34211-0.32238i,0.19883-0.26133i,0.21946-0.4157i
-0.58555-0.18871i,-0.42766-0.066122i,-0.61519+0.0030577i,0.008403+0.25506i,-0.085041+0.24061i,0.58555+0.18871i,0.42766+0.066122i,0.61519-0.0030577i
-0.02199-0.1182i,-0.028484-0.079609i,-0.057989-0.10532i,-0.68945+0.32378i,-0.73836+0.1871i,0.02199+0.1182i,0.028484+0.079609i,0.057989+0.10532i
-0.38406+0.31651i,-0.23577+0.26336i,-0.27225+0.41661i,-0.36773-0.30093i,-0.33963-0.33232i,0.38406-0.31651i,0.23577-0.26336i,0.27225-0.41661i
-0.55185-0.2242i,-0.41182-0.0978i,-0.59373-0.04786i,-0.020353+0.30564i,-0.11924+0.28216i,0.55185+0.2242i,0.41182+0.0978i,0.59373+0.04786i
-0.0044792-0.073883i,-0.013169-0.048749i,-0.033333-0.066088i,-0.71806+0.26352i,-0.75308+0.1339i,0.0044792+0.073883i,0.013169+0.048749i,0.033333+0.066088i
-0.42512+0.30406i,-0.2726+0.25954i,-0.32456+0.40969i,-0.30369-0.30073i,-0.28546-0.31808i,0.42512-0.30406i,0.2726-0.25954i,0.32456-0.40969i
-0.51355-0.25512i,-0.39111-0.12655i,-0.56566-0.09407i,-0.057307+0.35062i,-0.15895+0.31773i,0.51355+0.25512i,0.39111+0.12655i,0.56566+0.09407i
0.0062547-0.027921i,-0.0029304-0.015739i,-0.015884-0.023799i,-0.73764+0.19972i,-0.76009+0.079132i,-0.0062547+0.027921i,0.0029304+0.015739i,0.015884+0.023799i
-0.4643+0.28525i,-0.30845+0.24999i,-0.37523+0.39515i,-0.24169-0.29077i,-0.23441-0.29667i,0.4643-0.28525i,0.30845-0.24999i,0.37523-0.39515i
-0.47131-0.28078i,-0.36612-0.15165i,-0.53181-0.13473i,-0.10141+0.38888i,-0.20327+0.34669i,0.47131+0.28078i,0.36612+0.15165i,0.53181+0.13473i
0.010029+0.018711i,0.0019456+0.018585i,-0.005936+0.020383i,-0.74781+0.13385i,-0.75932+0.023929i,-0.010029-0.018711i,-0.0019456-0.018585i,0.005936-0.020383i
-0.50065+0.26043i,-0.34246+0.23495i,-0.42316+0.37337i,-0.18315-0.27156i,-0.18745-0.26861i,0.50065-0.26043i,0.34246-0.23495i,0.42316-0.37337i
-0.42593-0.30059i,-0.33751-0.17249i,-0.49312-0.16911i,-0.15149+0.41947i,-0.25122+0.3685i,0.42593+0.30059i,0.33751+0.17249i,0.49312+0.16911i
0.0068065+0.06502i,0.0013099+0.053358i,-0.003608+0.065275i,-0.74841+0.067385i,-0.75082-0.030581i,-0.0068065-0.06502i,-0.0013099-0.053358i,0.003608-0.065275i
-0.53328+0.2301i,-0.37381+0.2148i,-0.46733+0.34488i,-0.12938-0.24377i,-0.14547-0.23453i,0.53328-0.2301i,0.37381-0.2148i,0.46733-0.34488i
-0.37827-0.31409i,-0.30602-0.18857i,-0.45062-0.19666i,-0.20622+0.44164i,-0.30176+0.38277i,0.37827+0.31409i,0.30602+0.18857i,0.45062+0.19666i
-0.0033001+0.11001i,-0.0048486+0.087711i,-0.0088456+0.1097i,-0.7395+0.0017949i,-0.7348-0.083293i,0.0033001-0.11001i,0.0048486-0.087711i,0.0088456-0.1097i
-0.56141+0.19487i,-0.40177+0.19002i,-0.50679+0.31035i,-0.08157-0.2083i,-0.10927-0.1952i,0.56141-0.19487i,0.40177-0.19002i,0.50679-0.31035i
-0.32926-0.32096i,-0.27248-0.1995i,-0.40541-0.21696i,-0.26424+0.45484i,-0.3538+0.38926i,0.32926+0.32096i,0.27248+0.1995i,0.40541+0.21696i
-0.020032+0.15271i,-0.016404+0.12078i,-0.021424+0.15252i,-0.72137-0.06148i,-0.71164-0.13315i,0.020032-0.15271i,0.016404-0.12078i,0.021424-0.15252i
-0.58433+0.15549i,-0.42569+0.16121i,-0.54074+0.27059i,-0.040775-0.16616i,-0.079522-0.15149i,0.58433-0.15549i,0.42569-0.16121i,0.54074-0.27059i
-0.27989-0.32103i,-0.23772-0.20505i,-0.35862-0.22976i,-0.32409+0.45874i,-0.40622+0.38789i,0.27989+0.32103i,0.23772+0.20505i,0.35862+0.22976i
-0.04299+0.1922i,-0.033101+0.15175i,-0.040953+0.19264i,-0.69451-0.12107i,-0.68184-0.17914i,0.04299-0.1922i,0.033101-0.15175i,0.040953-0.19264i
-0.60146+0.11277i,-0.445+0.12905i,-0.56848+0.22651i,-0.0078637-0.11854i,-0.056777-0.10436i,0.60146-0.11277i,0.445-0.12905i,0.56848-0.22651i
-0.23115-0.31426i,-0.20261-0.20511i,-0.3114-0.23498i,-0.38431+0.45322i,-0.4579+0.37872i,0.23115+0.31426i,0.20261+0.20511i,0.3114+0.23498i
-0.071638+0.22761i,-0.054556+0.17985i,-0.066891+0.22905i,-0.65962-0.17571i,-0.64607-0.22037i,0.071638-0.22761i,0.054556-0.17985i,0.066891-0.22905i
-0.61236+0.067633i,-0.45928+0.094291i,-0.58948+0.1791i,0.016479-0.066727i,-0.041437-0.054837i,0.61236-0.067633i,0.45928-0.094291i,0.58948-0.1791i
-0.18402-0.30079i,-0.16802-0.19969i,-0.2649-0.23273i,-0.44347+0.43839i,-0.50775+0.36199i,0.18402+0.30079i,0.16802+0.19969i,0.2649+0.23273i
-0.10532+0.25818i,-0.080276+0.20436i,-0.098553+0.26084i,-0.61756-0.22424i,-0.60508-0.25602i,0.10532-0.25818i,0.080276-0.20436i,0.098553-0.26084i
-0.61672+0.021036i,-0.4682+0.057748i,-0.60335+0.12945i,0.031771-0.012078i,-0.033754-0.0039958i,0.61672-0.021036i,0.4682-0.057748i,0.60335-0.12945i
-0.13947-0.28088i,-0.13482-0.18895i,-0.22023-0.22325i,-0.50013+0.41458i,-0.55472+0.33806i,0.13947+0.28088i,0.13482+0.18895i,0.22023+0.22325i
-0.14327+0.28322i,-0.10966+0.22469i,-0.13513+0.28719i,-0.56937-0.26569i,-0.55975-0.2854i,0.14327-0.28322i,0.10966-0.22469i,0.13513-0.28719i
-0.61438-0.02602i,-0.47157+0.020267i,-0.60988+0.078636i,0.037738+0.04399i,-0.033825+0.047066i,0.61438+0.02602i,0.47157-0.020267i,0.60988-0.078636i
-0.098416-0.25494i,-0.1038-0.17319i,-0.17845-0.20697i,-0.55297+0.3823i,-0.59783+0.30746i,0.098416+0.25494i,0.1038+0.17319i,0.17845+0.20697i
-0.18464+0.3022i,-0.14204+0.24031i,-0.17572+0.30747i,-0.51621-0.29921i,-0.51104-0.30796i,0.18464-0.3022i,0.14204-0.24031i,0.17572-0.30747i
-0.60531-0.072521i,-0.46932-0.017286i,-0.60901+0.027795i,0.034322+0.10004i,-0.041588+0.097245i,0.60531+0.072521i,0.46932+0.017286i,0.60901-0.027795i
-0.061708-0.22353i,-0.075739-0.1528i,-0.14053-0.18446i,-0.60075+0.34228i,-0.63616+0.27085i,0.061708+0.22353i,0.075739+0.1528i,0.14053+0.18446i
-0.22848+0.31468i,-0.17664+0.25081i,-0.21931+0.32114i,-0.45935-0.32418i,-0.45998-0.32329i,0.22848-0.31468i,0.17664-0.25081i,0.21931-0.32114i
-0.58968-0.11746i,-0.46153-0.054052i,-0.60086-0.021964i,0.021678+0.15466i,-0.056826+0.14546i,0.58968+0.11746i,0.46153+0.054052i,0.60086+0.021964i
-0.030102-0.18732i,-0.051306-0.12829i,-0.10736-0.15642i,-0.64236+0.2954i,-0.66892+0.22899i,0.030102+0.18732i,0.051306+0.12829i,0.10736+0.15642i
-0.27383+0.32038i,-0.21268+0.25593i,-0.26485+0.32785i,-0.40014-0.34015i,-0.40765-0.33112i,0.27383-0.32038i,0.21268-0.25593i,0.26485-0.32785i
-0.56775-0.15988i,-0.44839-0.089191i,-0.58572-0.069564i,0.00017152+0.20646i,-0.079167+0.19068i,0.56775+0.15988i,0.44839+0.089191i,0.58572+0.069564i
-0.0042512-0.14706i,-0.031098-0.1003i,-0.079693-0.12367i,-0.67685+0.24272i,-0.69543+0.18277i,0.0042512+0.14706i,0.031098+0.1003i,0.079693+0.12367i
-0.31967+0.31918i,-0.2493+0.2555i,-0.31124+0.3274i,-0.33997-0.34691i,-0.35514-0.33135i,0.31967-0.31918i,0.2493-0.2555i,0.31124-0.3274i
-0.53997-0.19884i,-0.43023-0.12191i,-0.56402-0.11399i,-0.029633+0.25415i,-0.10809+0.23191i,0.53997+0.19884i,0.43023+0.12191i,0.56402+0.11399i
0.015313-0.10365i,-0.015606-0.069495i,-0.058156-0.087147i,-0.70342+0.18539i,-0.71515+0.13316i,-0.015313+0.10365i,0.015606+0.069495i,0.058156+0.087147i
-0.36497+0.3111i,-0.28566+0.24949i,-0.35738+0.31978i,-0.28024-0.34442i,-0.30357-0.32405i,0.36497-0.3111i,0.28566-0.24949i,0.35738-0.31978i
-0.5069-0.2335i,-0.40748-0.15147i,-0.53634-0.15429i,-0.066985+0.29652i,-0.14296+0.26828i,0.5069+0.2335i,0.40748+0.15147i,0.53634+0.15429i
0.02819-0.057993i,-0.0052074-0.036654i,-0.043226-0.047846i,-0.72147+0.1247i,-0.72766+0.081181i,-0.02819+0.057993i,0.0052074+0.036654i,0.043226+0.047846i
-0.40872+0.29629i,-0.32092+0.23801i,-0.40218+0.30511i,-0.22236-0.33289i,-0.25401-0.30941i,0.40872-0.29629i,0.32092-0.23801i,0.40218-0.30511i
-0.46922-0.26311i,-0.3807-0.17721i,-0.50342-0.18963i,-0.11097+0.33252i,-0.18299+0.299i,0.46922+0.26311i,0.3807+0.17721i,0.50342+0.18963i
0.034122-0.011093i,-0.0001584-0.0025783i,-0.035224-0.0068322i,-0.73062+0.061978i,-0.73271+0.027924i,-0.034122+0.011093i,0.0001584+0.0025783i,0.035224+0.0068322i
-0.44996+0.27508i,-0.35426+0.2213i,-0.44456+0.28371i,-0.16765-0.31271i,-0.20749-0.28782i,0.44996-0.27508i,0.35426-0.2213i,0.44456-0.28371i
-0.42771-0.28703i,-0.35051-0.19856i,-0.46608-0.2193i,-0.16051+0.36122i,-0.22731+0.32338i,0.42771+0.28703i,0.35051+0.19856i,0.46608+0.2193i
0.033+0.036041i,-0.00058717+0.031894i,-0.034304+0.034802i,-0.73067-0.0013828i,-0.73022-0.025512i,-0.033-0.036041i,0.00058717-0.031894i,0.034304-0.034802i
-0.48776+0.24791i,-0.3849+0.1997i,-0.48355+0.25603i,-0.11739-0.28449i,-0.165-0.25978i,0.48776-0.24791i,0.3849-0.1997i,0.48355-0.25603i
-0.38325-0.30472i,-0.31764-0.21507i,-0.42525-0.2427i,-0.21443+0.38189i,-0.27496+0.3409i,0.38325+0.30472i,0.31764+0.21507i,0.42525+0.2427i
0.024863+0.082388i,-0.0064924+0.065919i,-0.040459+0.075954i,-0.72163-0.063992i,-0.72025-0.078021i,-0.024863-0.082388i,0.0064924-0.065919i,0.040459-0.075954i
-0.52129+0.21538i,-0.41213+0.17368i,-0.51821+0.22268i,-0.072729-0.249i,-0.12742-0.22595i,0.52129-0.21538i,0.41213-0.17368i,0.51821-0.22268i
-0.33679-0.31582i,-0.28285-0.22638i,-0.38193-0.25941i,-0.27145+0.39395i,-0.32491+0.35117i,0.33679+0.31582i,0.28285+0.22638i,0.38193+0.25941i
0.0099013+0.12694i,-0.017744+0.098661i,-0.05351+0.11554i,-0.70374-0.12448i,-0.70302-0.12852i,-0.0099013-0.12694i,0.017744-0.098661i,0.05351-0.11554i
-0.5498+0.17819i,-0.43533+0.14381i,-0.54775+0.18439i,-0.034704-0.20719i,-0.095546-0.18709i,0.5498-0.17819i,0.43533-0.14381i,0.54775-0.18439i
-0.28931-0.32006i,-0.24698-0.23227i,-0.3372-0.26913i,-0.33021+0.39707i,-0.37607+0.35394i,0.28931+0.32006i,0.24698+0.23227i,0.3372+0.26913i
-0.01155+0.16874i,-0.034084+0.12932i,-0.073123+0.15251i,-0.67744-0.18152i,-0.6789-0.17597i,0.01155-0.16874i,0.034084-0.12932i,0.073123-0.15251i
-0.57266+0.13714i,-0.45395+0.11075i,-0.57147+0.142i,-0.0041845-0.16013i,-0.070033-0.14407i,0.57266-0.13714i,0.45395-0.11075i,0.57147-0.142i
-0.24183-0.31737i,-0.21085-0.23264i,-0.29214-0.27177i,-0.38934+0.39108i,-0.42736+0.34913i,0.24183+0.31737i,0.21085+0.23264i,0.29214+0.27177i
-0.039017+0.20688i,-0.055137+0.15713i,-0.098807+0.1859i,-0.64334-0.23387i,-0.64842-0.21941i,0.039017-0.20688i,0.055137-0.15713i,0.098807-0.1859i
-0.58935+0.093109i,-0.46757+0.075233i,-0.58882+0.09646i,0.018129-0.10905i,-0.051419-0.097855i,0.58935-0.093109i,0.46757-0.075233i,0.58882-0.09646i
-0.19537-0.30779i,-0.17532-0.22752i,-0.24783-0.26736i,-0.44744+0.37606i,-0.47768+0.33682i,0.19537+0.30779i,0.17532+0.22752i,0.24783+0.26736i
-0.071897+0.24052i,-0.080415+0.18141i,-0.12993+0.2148i,-0.60226-0.28042i,-0.61223-0.25793i,0.071897-0.24052i,0.080415-0.18141i,0.12993-0.2148i
-0.59952+0.047064i,-0.47587+0.03804i,-0.59939+0.048773i,0.031724-0.055216i,-0.040093-0.049475i,0.59952-0.047064i,0.47587-0.03804i,0.59939-0.048773i
-0.15093-0.29153i,-0.14121-0.21706i,-0.20536-0.25612i,-0.50315+0.35226i,-0.52593+0.31723i,0.15093+0.29153i,0.14121+0.21706i,0.20536+0.25612i
-0.10947+0.26894i,-0.10933+0.20156i,-0.16574+0.23843i,-0.55516-0.32016i,-0.57111-0.29076i,0.10947-0.26894i,0.10933-0.20156i,0.16574-0.23843i
-0.60294,-0.47866,-0.60294,0.036291,-0.036291,0.60294,0.47866,0.60294
