0.4716,-0.15323,-0.4716,0.15323,0.4716,-0.15323,-0.4716
0.15723+0.20504i,0.015427-0.10874i,-0.15723-0.20504i,-0.015427+0.10874i,0.15723+0.20504i,0.015427-0.10874i,-0.15723-0.20504i
0.097687-0.16685i,0.020456+0.078901i,-0.097687+0.16685i,-0.020456-0.078901i,0.097687-0.16685i,0.020456+0.078901i,-0.097687+0.16685i
0.46638-0.071391i,-0.15727-0.023286i,-0.46638+0.071391i,0.15727+0.023286i,0.46638-0.071391i,-0.15727-0.023286i,-0.46638+0.071391i
0.23102+0.22848i,0.013392-0.14683i,-0.23102-0.22848i,-0.013392+0.14683i,0.23102+0.22848i,0.013392-0.14683i,-0.23102-0.22848i
0.05385-0.11458i,0.031582+0.053442i,-0.05385+0.11458i,-0.031582-0.053442i,0.05385-0.11458i,0.031582+0.053442i,-0.05385+0.11458i
0.45086-0.14134i,-0.16927-0.045014i,-0.45086+0.14134i,0.16927+0.045014i,0.45086-0.14134i,-0.16927-0.045014i,-0.45086+0.14134i
0.31879+0.23607i,0.011025-0.19708i,-0.31879-0.23607i,-0.011025+0.19708i,0.31879+0.23607i,0.011025-0.19708i,-0.31879-0.23607i
0.02832-0.048306i,0.052044+0.027878i,-0.02832+0.048306i,-0.052044-0.027878i,0.02832-0.048306i,0.052044+0.027878i,-0.02832+0.048306i
0.42546-0.20847i,-0.18891-0.063621i,-0.42546+0.20847i,0.18891+0.063621i,0.42546-0.20847i,-0.18891-0.063621i,-0.42546+0.20847i
0.42181+0.22599i,0.0043348-0.26407i,-0.42181-0.22599i,-0.0043348+0.26407i,0.42181+0.22599i,0.0043348-0.26407i,-0.42181-0.22599i
0.025321+0.032763i,0.085642-0.0037211i,-0.025321-0.032763i,-0.085642+0.0037211i,0.025321+0.032763i,0.085642-0.0037211i,-0.025321-0.032763i
0.39065-0.27138i,-0.21544-0.077407i,-0.39065+0.27138i,0.21544+0.077407i,0.39065-0.27138i,-0.21544-0.077407i,-0.39065+0.27138i
0.54323+0.19508i,-0.012113-0.35358i,-0.54323-0.19508i,0.012113+0.35358i,0.54323+0.19508i,-0.012113-0.35358i,-0.54323-0.19508i
0.051745+0.13062i,0.13705-0.050001i,-0.051745-0.13062i,-0.13705+0.050001i,0.051745+0.13062i,0.13705-0.050001i,-0.051745-0.13062i
0.3462-0.32748i,-0.24649-0.083869i,-0.3462+0.32748i,0.24649+0.083869i,0.3462-0.32748i,-0.24649-0.083869i,-0.3462+0.32748i
0.68537+0.13748i,-0.046554-0.4699i,-0.68537-0.13748i,0.046554+0.4699i,0.68537+0.13748i,-0.046554-0.4699i,-0.68537-0.13748i
0.11739+0.24556i,0.20887-0.12265i,-0.11739-0.24556i,-0.20887+0.12265i,0.11739+0.24556i,0.20887-0.12265i,-0.11739-0.24556i
0.28732-0.36448i,-0.26956-0.07598i,-0.28732+0.36448i,0.26956+0.07598i,0.28732-0.36448i,-0.26956-0.07598i,-0.28732+0.36448i
0.80754+0.046769i,-0.10783-0.57369i,-0.80754-0.046769i,0.10783+0.57369i,0.80754+0.046769i,-0.10783-0.57369i,-0.80754-0.046769i
0.19869+0.3234i,0.24887-0.20016i,-0.19869-0.3234i,-0.24887+0.20016i,0.19869+0.3234i,0.24887-0.20016i,-0.19869-0.3234i
0.16867-0.2575i,-0.15909-0.0062882i,-0.16867+0.2575i,0.15909+0.0062882i,0.16867-0.2575i,-0.15909-0.0062882i,-0.16867+0.2575i
-0.14105+0.10498i,-0.016349+0.38507i,0.14105-0.10498i,0.016349-0.38507i,-0.14105+0.10498i,-0.016349+0.38507i,0.14105-0.10498i
-1.9255-2.0988i,-2.2045+1.9364i,1.9255+2.0988i,2.2045-1.9364i,-1.9255-2.0988i,-2.2045+1.9364i,1.9255+2.0988i
-9.0809+32.36i,32.453+9.1983i,9.0809-32.36i,-32.453-9.1983i,-9.0809+32.36i,32.453+9.1983i,9.0809-32.36i
78.937-23.443i,-23.53-78.692i,-78.937+23.443i,23.53+78.692i,78.937-23.443i,-23.53-78.692i,-78.937+23.443i
-66.797-58.142i,-58.271+66.827i,66.797+58.142i,58.271-66.827i,-66.797-58.142i,-58.271+66.827i,66.797+58.142i
-6.5703+43.058i,43.137+6.6482i,6.5703-43.058i,-43.137-6.6482i,-6.5703+43.058i,43.137+6.6482i,6.5703-43.058i
5.7475-2.4354i,-2.4879-5.5081i,-5.7475+2.4354i,2.4879+5.5081i,5.7475-2.4354i,-2.4879-5.5081i,-5.7475+2.4354i
0.43546+0.34844i,0.20434-0.3831i,-0.43546-0.34844i,-0.20434+0.3831i,0.43546+0.34844i,0.20434-0.3831i,-0.43546-0.34844i
0.023403-0.05716i,0.0012965+0.021757i,-0.023403+0.05716i,-0.0012965-0.021757i,0.023403-0.05716i,0.0012965+0.021757i,-0.023403+0.05716i
-0.35078+0.28534i,0.26423+0.57641i,0.35078-0.28534i,-0.26423-0.57641i,-0.35078+0.28534i,0.26423+0.57641i,0.35078-0.28534i
-0.52654-0.21243i,-0.36331+0.60342i,0.52654+0.21243i,0.36331-0.60342i,-0.52654-0.21243i,-0.36331+0.60342i,0.52654+0.21243i
0.00047858-0.11885i,-0.085056+0.019551i,-0.00047858+0.11885i,0.085056-0.019551i,0.00047858-0.11885i,-0.085056+0.019551i,-0.00047858+0.11885i
-0.27498+0.28882i,0.29488+0.48059i,0.27498-0.28882i,-0.29488-0.48059i,-0.27498+0.28882i,0.29488+0.48059i,0.27498-0.28882i
-0.48576-0.12i,-0.26975+0.58689i,0.48576+0.12i,0.26975-0.58689i,-0.48576-0.12i,-0.26975+0.58689i,0.48576+0.12i
-0.032306-0.15707i,-0.15051+0.035179i,0.032306+0.15707i,0.15051-0.035179i,-0.032306-0.15707i,-0.15051+0.035179i,0.032306+0.15707i
-0.14976+0.22393i,0.25165+0.33051i,0.14976-0.22393i,-0.25165-0.33051i,-0.14976+0.22393i,0.25165+0.33051i,0.14976-0.22393i
-0.4045-0.036333i,-0.17783+0.52777i,0.4045+0.036333i,0.17783-0.52777i,-0.4045-0.036333i,-0.17783+0.52777i,0.4045+0.036333i
-0.065532-0.16634i,-0.18767+0.059177i,0.065532+0.16634i,0.18767-0.059177i,-0.065532-0.16634i,-0.18767+0.059177i,0.065532+0.16634i
-0.066778+0.15999i,0.20303+0.2194i,0.066778-0.15999i,-0.20303-0.2194i,-0.066778+0.15999i,0.20303+0.2194i,0.066778-0.15999i
-0.3286+0.022298i,-0.10495+0.47039i,0.3286-0.022298i,0.10495-0.47039i,-0.3286+0.022298i,-0.10495+0.47039i,0.3286-0.022298i
-0.09485-0.15855i,-0.20667+0.086745i,0.09485+0.15855i,0.20667-0.086745i,-0.09485-0.15855i,-0.20667+0.086745i,0.09485+0.15855i
-0.016909+0.10349i,0.15512+0.13983i,0.016909-0.10349i,-0.15512-0.13983i,-0.016909+0.10349i,0.15512+0.13983i,0.016909-0.10349i
-0.261+0.06085i,-0.047546+0.41652i,0.261-0.06085i,0.047546-0.41652i,-0.261+0.06085i,-0.047546+0.41652i,0.261-0.06085i
-0.11831-0.14043i,-0.21267+0.11512i,0.11831+0.14043i,0.21267-0.11512i,-0.11831-0.14043i,-0.21267+0.11512i,0.11831+0.14043i
0.0098526+0.055203i,0.10867+0.083457i,-0.0098526-0.055203i,-0.10867-0.083457i,0.0098526+0.055203i,0.10867+0.083457i,-0.0098526-0.055203i
-0.20116+0.083797i,-0.0026744+0.36486i,0.20116-0.083797i,0.0026744-0.36486i,-0.20116+0.083797i,-0.0026744+0.36486i,0.20116-0.083797i
-0.13504-0.11618i,-0.20855+0.14231i,0.13504+0.11618i,0.20855-0.14231i,-0.13504-0.11618i,-0.20855+0.14231i,0.13504+0.11618i
0.020435+0.015182i,0.064157+0.044928i,-0.020435-0.015182i,-0.064157-0.044928i,0.020435+0.015182i,0.064157+0.044928i,-0.020435-0.015182i
-0.14866+0.094423i,0.031338+0.31462i,0.14866-0.094423i,-0.031338-0.31462i,-0.14866+0.094423i,0.031338+0.31462i,0.14866-0.094423i
-0.14476-0.088761i,-0.19634+0.16671i,0.14476+0.088761i,0.19634-0.16671i,-0.14476-0.088761i,-0.19634+0.16671i,0.14476+0.088761i
0.019723-0.016619i,0.022279+0.020734i,-0.019723+0.016619i,-0.022279-0.020734i,0.019723-0.016619i,0.022279+0.020734i,-0.019723+0.016619i
-0.10341+0.095305i,0.055488+0.26575i,0.10341-0.095305i,-0.055488-0.26575i,-0.10341+0.095305i,0.055488+0.26575i,0.10341-0.095305i
-0.14768-0.060491i,-0.17772+0.18705i,0.14768+0.060491i,0.17772-0.18705i,-0.14768-0.060491i,-0.17772+0.18705i,0.14768+0.060491i
0.011384-0.040369i,-0.016103+0.008332i,-0.011384+0.040369i,0.016103-0.008332i,0.011384-0.040369i,-0.016103+0.008332i,-0.011384+0.040369i
-0.065477+0.088641i,0.070506+0.2187i,0.065477-0.088641i,-0.070506-0.2187i,-0.065477+0.088641i,0.070506+0.2187i,0.065477-0.088641i
-0.14434-0.0332i,-0.1543+0.20234i,0.14434+0.0332i,0.1543-0.20234i,-0.14434-0.0332i,-0.1543+0.20234i,0.14434+0.0332i
-0.0016872-0.056407i,-0.050091+0.0056432i,0.0016872+0.056407i,0.050091-0.0056432i,-0.0016872-0.056407i,-0.050091+0.0056432i,0.0016872+0.056407i
-0.034878+0.076408i,0.077092+0.17423i,0.034878-0.076408i,-0.077092-0.17423i,-0.034878+0.076408i,0.077092+0.17423i,0.034878-0.076408i
-0.13554-0.0083408i,-0.12765+0.21192i,0.13554+0.0083408i,0.12765-0.21192i,-0.13554-0.0083408i,-0.12765+0.21192i,0.13554+0.0083408i
-0.017141-0.06527i,-0.078862+0.010794i,0.017141+0.06527i,0.078862-0.010794i,-0.017141-0.06527i,-0.078862+0.010794i,0.017141+0.06527i
-0.011525+0.060427i,0.076045+0.13323i,0.011525-0.060427i,-0.076045-0.13323i,-0.011525+0.060427i,0.076045+0.13323i,0.011525-0.060427i
-0.12231+0.012988i,-0.09935+0.21543i,0.12231-0.012988i,0.09935-0.21543i,-0.12231+0.012988i,-0.09935+0.21543i,0.12231-0.012988i
-0.033062-0.067695i,-0.10175+0.021995i,0.033062+0.067695i,0.10175-0.021995i,-0.033062-0.067695i,-0.10175+0.021995i,0.033062+0.067695i
0.0048559+0.042369i,0.068314+0.096604i,-0.0048559-0.042369i,-0.068314-0.096604i,0.0048559+0.042369i,0.068314+0.096604i,-0.0048559-0.042369i
-0.10578+0.030026i,-0.070915+0.21285i,0.10578-0.030026i,0.070915-0.21285i,-0.10578+0.030026i,-0.070915+0.21285i,0.10578-0.030026i
-0.047918-0.064596i,-0.11833+0.037504i,0.047918+0.064596i,0.11833-0.037504i,-0.047918-0.064596i,-0.11833+0.037504i,0.047918+0.064596i
0.014738+0.023741i,0.055008+0.065148i,-0.014738-0.023741i,-0.055008-0.065148i,0.014738+0.023741i,0.055008+0.065148i,-0.014738-0.023741i
-0.087185+0.04234i,-0.043772+0.20449i,0.087185-0.04234i,0.043772-0.20449i,-0.087185+0.04234i,-0.043772+0.20449i,0.087185-0.04234i
-0.060536-0.057026i,-0.12842+0.055622i,0.060536+0.057026i,0.12842-0.055622i,-0.060536-0.057026i,-0.12842+0.055622i,0.060536+0.057026i
0.018789+0.0058532i,0.037376+0.039496i,-0.018789-0.0058532i,-0.037376-0.039496i,0.018789+0.0058532i,0.037376+0.039496i,-0.018789-0.0058532i
-0.067716+0.049806i,-0.019194+0.19092i,0.067716-0.049806i,0.019194-0.19092i,-0.067716+0.049806i,-0.019194+0.19092i,0.067716-0.049806i
-0.070087-0.046126i,-0.13212+0.074735i,0.070087+0.046126i,0.13212-0.074735i,-0.070087-0.046126i,-0.13212+0.074735i,0.070087+0.046126i
0.017847-0.010203i,0.016767+0.020051i,-0.017847+0.010203i,-0.016767-0.020051i,0.017847-0.010203i,0.016767+0.020051i,-0.017847+0.010203i
-0.048519+0.052584i,0.0017447+0.17298i,0.048519-0.052584i,-0.0017447-0.17298i,-0.048519+0.052584i,0.0017447+0.17298i,0.048519-0.052584i
-0.076071-0.03307i,-0.12982+0.093349i,0.076071+0.03307i,0.12982-0.093349i,-0.076071-0.03307i,-0.12982+0.093349i,0.076071+0.03307i
0.012877-0.023584i,-0.0054287+0.0069576i,-0.012877+0.023584i,0.0054287-0.0069576i,0.012877-0.023584i,-0.0054287+0.0069576i,-0.012877+0.023584i
-0.030616+0.051082i,0.018215+0.15169i,0.030616-0.051082i,-0.018215-0.15169i,-0.030616+0.051082i,0.018215+0.15169i,0.030616-0.051082i
-0.078294-0.019012i,-0.12218+0.11014i,0.078294+0.019012i,0.12218-0.11014i,-0.078294-0.019012i,-0.12218+0.11014i,0.078294+0.019012i
0.0049269-0.033704i,-0.027838+8.3494e-05i,-0.0049269+0.033704i,0.027838-8.3494e-05i,0.0049269-0.033704i,-0.027838+8.3494e-05i,-0.0049269+0.033704i
-0.014862+0.04591i,0.029665+0.12821i,0.014862-0.04591i,-0.029665-0.12821i,-0.014862+0.04591i,0.029665+0.12821i,0.014862-0.04591i
-0.076841-0.0050297i,-0.11006+0.12402i,0.076841+0.0050297i,0.11006-0.12402i,-0.076841-0.0050297i,-0.11006+0.12402i,0.076841+0.0050297i
-0.0049262-0.040243i,-0.049167-0.00097362i,0.0049262+0.040243i,0.049167+0.00097362i,-0.0049262-0.040243i,-0.049167-0.00097362i,0.0049262+0.040243i
-0.0019138+0.037834i,0.035834+0.10379i,0.0019138-0.037834i,-0.035834-0.10379i,-0.0019138+0.037834i,0.035834+0.10379i,0.0019138-0.037834i
-0.072036+0.0079255i,-0.094504+0.13412i,0.072036-0.0079255i,0.094504-0.13412i,-0.072036+0.0079255i,-0.094504+0.13412i,0.072036-0.0079255i
-0.015631-0.043134i,-0.068265+0.0031354i,0.015631+0.043134i,0.068265-0.0031354i,-0.015631-0.043134i,-0.068265+0.0031354i,0.015631+0.043134i
0.0077927+0.027715i,0.03676+0.079636i,-0.0077927-0.027715i,-0.03676-0.079636i,0.0077927+0.027715i,0.03676+0.079636i,-0.0077927-0.027715i
-0.064401+0.019064i,-0.076676+0.13988i,0.064401-0.019064i,0.076676-0.13988i,-0.064401+0.019064i,-0.076676+0.13988i,0.064401-0.019064i
-0.026213-0.042545i,-0.084172+0.011548i,0.026213+0.042545i,0.084172-0.011548i,-0.026213-0.042545i,-0.084172+0.011548i,0.026213+0.042545i
0.01405+0.016456i,0.032761+0.056928i,-0.01405-0.016456i,-0.032761-0.056928i,0.01405+0.016456i,0.032761+0.056928i,-0.01405-0.016456i
-0.054601+0.027791i,-0.057792+0.14103i,0.054601-0.027791i,0.057792-0.14103i,-0.054601+0.027791i,-0.057792+0.14103i,0.054601-0.027791i
-0.035815-0.038848i,-0.096161+0.02324i,0.035815+0.038848i,0.096161-0.02324i,-0.035815-0.038848i,-0.096161+0.02324i,0.035815+0.038848i
0.016873+0.0049448i,0.024409+0.036696i,-0.016873-0.0049448i,-0.024409-0.036696i,0.016873+0.0049448i,0.024409+0.036696i,-0.016873-0.0049448i
-0.043393+0.033719i,-0.039051+0.13759i,0.043393-0.033719i,0.039051-0.13759i,-0.043393+0.033719i,-0.039051+0.13759i,0.043393-0.033719i
-0.043738-0.03258i,-0.10377+0.037079i,0.043738+0.03258i,0.10377-0.037079i,-0.043738-0.03258i,-0.10377+0.037079i,0.043738+0.03258i
0.016483-0.0059934i,0.01249+0.019793i,-0.016483+0.0059934i,-0.01249-0.019793i,0.016483-0.0059934i,0.01249+0.019793i,-0.016483+0.0059934i
-0.031571+0.036678i,-0.021579+0.12986i,0.031571-0.036678i,0.021579-0.12986i,-0.031571+0.036678i,-0.021579+0.12986i,0.031571-0.036678i
-0.049468-0.024398i,-0.10681+0.051896i,0.049468+0.024398i,0.10681-0.051896i,-0.049468-0.024398i,-0.10681+0.051896i,0.049468+0.024398i
0.013278-0.015643i,-0.0020518+0.0068482i,-0.013278+0.015643i,0.0020518-0.0068482i,0.013278-0.015643i,-0.0020518+0.0068482i,-0.013278+0.015643i
-0.019913+0.036706i,-0.0063637+0.11838i,0.019913-0.036706i,0.0063637-0.11838i,-0.019913+0.036706i,-0.0063637+0.11838i,0.019913-0.036706i
-0.052685-0.015028i,-0.10537+0.066539i,0.052685+0.015028i,0.10537-0.066539i,-0.052685-0.015028i,-0.10537+0.066539i,0.052685+0.015028i
0.0077974-0.02343i,-0.01817-0.0017589i,-0.0077974+0.02343i,0.01817+0.0017589i,0.0077974-0.02343i,-0.01817-0.0017589i,-0.0077974+0.02343i
-0.009134+0.034029i,0.0057898+0.1039i,0.009134-0.034029i,-0.0057898-0.1039i,-0.009134+0.034029i,0.0057898+0.1039i,0.009134-0.034029i
-0.053269-0.0052182i,-0.099798+0.079944i,0.053269+0.0052182i,0.099798-0.079944i,-0.053269-0.0052182i,-0.099798+0.079944i,0.053269+0.0052182i
0.00068114-0.028951i,-0.034779-0.0059117i,-0.00068114+0.028951i,0.034779+0.0059117i,0.00068114-0.028951i,-0.034779-0.0059117i,-0.00068114+0.028951i
0.00015667+0.029035i,0.0143+0.087311i,-0.00015667-0.029035i,-0.0143-0.087311i,0.00015667+0.029035i,0.0143+0.087311i,-0.00015667-0.029035i
-0.051295+0.0043113i,-0.090662+0.091182i,0.051295-0.0043113i,0.090662-0.091182i,-0.051295+0.0043113i,-0.090662+0.091182i,0.051295-0.0043113i
-0.0073791-0.031979i,-0.050821-0.0057531i,0.0073791+0.031979i,0.050821+0.0057531i,-0.0073791-0.031979i,-0.050821-0.0057531i,0.0073791+0.031979i
0.0074844+0.022239i,0.018831+0.069607i,-0.0074844-0.022239i,-0.018831-0.069607i,0.0074844+0.022239i,0.018831+0.069607i,-0.0074844-0.022239i
-0.047008+0.012911i,-0.078721+0.099512i,0.047008-0.012911i,0.078721-0.099512i,-0.047008+0.012911i,-0.078721+0.099512i,0.047008-0.012911i
-0.015684-0.032473i,-0.065322-0.0016677i,0.015684+0.032473i,0.065322+0.0016677i,-0.015684-0.032473i,-0.065322-0.0016677i,0.015684+0.032473i
0.012533+0.014238i,0.019302+0.051803i,-0.012533-0.014238i,-0.019302-0.051803i,0.012533+0.014238i,0.019302+0.051803i,-0.012533-0.014238i
-0.040797+0.020037i,-0.064865+0.10441i,0.040797-0.020037i,0.064865-0.10441i,-0.040797+0.020037i,-0.064865+0.10441i,0.040797-0.020037i
-0.023571-0.030562i,-0.077447+0.0057491i,0.023571+0.030562i,0.077447-0.0057491i,-0.023571-0.030562i,-0.077447+0.0057491i,0.023571+0.030562i
0.015152+0.0056742i,0.015883+0.034884i,-0.015152-0.0056742i,-0.015883-0.034884i,0.015152+0.0056742i,0.015883+0.034884i,-0.015152-0.0056742i
-0.033162+0.025281i,-0.050061+0.1056i,0.033162-0.025281i,0.050061-0.1056i,-0.033162+0.025281i,-0.050061+0.1056i,0.033162-0.025281i
-0.030454-0.02653i,-0.086545+0.015734i,0.030454+0.02653i,0.086545-0.015734i,-0.030454-0.02653i,-0.086545+0.015734i,0.030454+0.02653i
0.015363-0.0028168i,0.0089728+0.019744i,-0.015363+0.0028168i,-0.0089728-0.019744i,0.015363-0.0028168i,0.0089728+0.019744i,-0.015363+0.0028168i
-0.024672+0.028388i,-0.035291+0.10305i,0.024672-0.028388i,0.035291-0.10305i,-0.024672+0.028388i,-0.035291+0.10305i,0.024672-0.028388i
-0.035856-0.020786i,-0.092176+0.027406i,0.035856+0.020786i,0.092176-0.027406i,-0.035856-0.020786i,-0.092176+0.027406i,0.035856+0.020786i
0.013342-0.010641i,-0.00083117+0.0071377i,-0.013342+0.010641i,0.00083117-0.0071377i,0.013342-0.010641i,-0.00083117+0.0071377i,-0.013342+0.010641i
-0.015926+0.02926i,-0.021491+0.096948i,0.015926-0.02926i,0.021491-0.096948i,-0.015926+0.02926i,-0.021491+0.096948i,0.015926-0.02926i
-0.039431-0.013833i,-0.094135+0.039825i,0.039431+0.013833i,0.094135-0.039825i,-0.039431-0.013833i,-0.094135+0.039825i,0.039431+0.013833i
0.0094019-0.017284i,-0.012778-0.0023641i,-0.0094019+0.017284i,0.012778+0.0023641i,0.0094019-0.017284i,-0.012778-0.0023641i,-0.0094019+0.017284i
-0.0075072+0.02796i,-0.0095018+0.087731i,0.0075072-0.02796i,0.0095018-0.087731i,-0.0075072+0.02796i,-0.0095018+0.087731i,0.0075072-0.02796i
-0.040983-0.0062254i,-0.092453+0.052048i,0.040983+0.0062254i,0.092453-0.052048i,-0.040983-0.0062254i,-0.092453+0.052048i,0.040983+0.0062254i
0.0039656-0.02234i,-0.026015-0.0083992i,-0.0039656+0.02234i,0.026015+0.0083992i,0.0039656-0.02234i,-0.026015-0.0083992i,-0.0039656+0.02234i
4.8735e-05+0.024693i,-1.5835e-05+0.075998i,-4.8735e-05-0.024693i,1.5835e-05-0.075998i,4.8735e-05+0.024693i,-1.5835e-05+0.075998i,-4.8735e-05-0.024693i
-0.040465+0.0014665i,-0.087385+0.063185i,0.040465-0.0014665i,0.087385-0.063185i,-0.040465+0.0014665i,-0.087385+0.063185i,0.040465-0.0014665i
-0.0024674-0.025534i,-0.03964-0.010831i,0.0024674+0.025534i,0.03964+0.010831i,-0.0024674-0.025534i,-0.03964-0.010831i,0.0024674+0.025534i
0.0062912+0.019788i,0.0064568+0.062494i,-0.0062912-0.019788i,-0.0064568-0.062494i,0.0062912+0.019788i,0.0064568+0.062494i,-0.0062912-0.019788i
-0.03798+0.0086959i,-0.079391+0.072456i,0.03798-0.0086959i,0.079391-0.072456i,-0.03798+0.0086959i,-0.079391+0.072456i,0.03798-0.0086959i
-0.0093583-0.026732i,-0.05276-0.0097485i,0.0093583+0.026732i,0.05276+0.0097485i,-0.0093583-0.026732i,-0.05276-0.0097485i,0.0093583+0.026732i
0.010879+0.01367i,0.009614+0.048051i,-0.010879-0.01367i,-0.009614-0.048051i,0.010879+0.01367i,0.009614+0.048051i,-0.010879-0.01367i
-0.03376+0.014975i,-0.069095+0.079229i,0.03376-0.014975i,0.069095-0.079229i,-0.03376+0.014975i,-0.069095+0.079229i,0.03376-0.014975i
-0.016166-0.025941i,-0.064549-0.0054555i,0.016166+0.025941i,0.064549+0.0054555i,-0.016166-0.025941i,-0.064549-0.0054555i,0.016166+0.025941i
0.013597+0.0068261i,0.0093735+0.033535i,-0.013597-0.0068261i,-0.0093735-0.033535i,0.013597+0.0068261i,0.0093735+0.033535i,-0.013597-0.0068261i
-0.028151+0.019904i,-0.057248+0.083055i,0.028151-0.019904i,0.057248-0.083055i,-0.028151+0.019904i,-0.057248+0.083055i,0.028151-0.019904i
-0.022382-0.023307i,-0.074289+0.0015567i,0.022382+0.023307i,0.074289-0.0015567i,-0.022382-0.023307i,-0.074289+0.0015567i,0.022382+0.023307i
0.014367-0.00022884i,0.005871+0.019792i,-0.014367+0.00022884i,-0.005871-0.019792i,0.014367-0.00022884i,0.005871+0.019792i,-0.014367+0.00022884i
-0.021577+0.023193i,-0.04467+0.083694i,0.021577-0.023193i,0.04467-0.083694i,-0.021577+0.023193i,-0.04467+0.083694i,0.021577-0.023193i
-0.027563-0.019095i,-0.081421+0.010644i,0.027563+0.019095i,0.081421-0.010644i,-0.027563-0.019095i,-0.081421+0.010644i,0.027563+0.019095i
0.013245-0.006988i,-0.00055515+0.0075927i,-0.013245+0.006988i,0.00055515-0.0075927i,0.013245-0.006988i,-0.00055515+0.0075927i,-0.013245+0.006988i
-0.014516+0.024679i,-0.032205+0.081119i,0.014516-0.024679i,0.032205-0.081119i,-0.014516+0.024679i,-0.032205+0.081119i,0.014516-0.024679i
-0.031361-0.013666i,-0.085567+0.021056i,0.031361+0.013666i,0.085567-0.021056i,-0.031361-0.013666i,-0.085567+0.021056i,0.031361+0.013666i
0.010413-0.012986i,-0.0093913-0.0024092i,-0.010413+0.012986i,0.0093913+0.0024092i,0.010413-0.012986i,-0.0093913-0.0024092i,-0.010413+0.012986i
-0.0074598+0.024328i,-0.02066+0.07551i,0.0074598-0.024328i,0.02066-0.07551i,-0.0074598+0.024328i,-0.02066+0.07551i,0.0074598-0.024328i
-0.033535-0.0074517i,-0.086552+0.031982i,0.033535+0.0074517i,0.086552-0.031982i,-0.033535-0.0074517i,-0.086552+0.031982i,0.033535+0.0074517i
0.0061622-0.01783i,-0.019985-0.0097192i,-0.0061622+0.01783i,0.019985+0.0097192i,0.0061622-0.01783i,-0.019985-0.0097192i,-0.0061622+0.01783i
-0.00088143+0.022236i,-0.01076+0.067241i,0.00088143-0.022236i,0.01076-0.067241i,-0.00088143+0.022236i,-0.01076+0.067241i,0.00088143-0.022236i
-0.03397-0.00091982i,-0.084408+0.042607i,0.03397+0.00091982i,0.084408-0.042607i,-0.03397-0.00091982i,-0.084408+0.042607i,0.03397+0.00091982i
0.00086817-0.021219i,-0.031592-0.014026i,-0.00086817+0.021219i,0.031592+0.014026i,0.00086817-0.021219i,-0.031592-0.014026i,-0.00086817+0.021219i
0.0047943+0.018613i,-0.0031018+0.056848i,-0.0047943-0.018613i,0.0031018-0.056848i,0.0047943+0.018613i,-0.0031018+0.056848i,-0.0047943-0.018613i
-0.032676+0.0054569i,-0.079368+0.052162i,0.032676-0.0054569i,0.079368-0.052162i,-0.032676+0.0054569i,-0.079368+0.052162i,0.032676-0.0054569i
-0.005037-0.022967i,-0.043423-0.015218i,0.005037+0.022967i,0.043423+0.015218i,-0.005037-0.022967i,-0.043423-0.015218i,0.005037+0.022967i
0.0092193+0.01377i,0.0018762+0.04499i,-0.0092193-0.01377i,-0.0018762-0.04499i,0.0092193+0.01377i,0.0018762+0.04499i,-0.0092193-0.01377i
-0.029784+0.011234i,-0.071845+0.05997i,0.029784-0.011234i,0.071845-0.05997i,-0.029784+0.011234i,-0.071845+0.05997i,0.029784-0.011234i
-0.011096-0.023007i,-0.054695-0.013385i,0.011096+0.023007i,0.054695+0.013385i,-0.011096-0.023007i,-0.054695-0.013385i,0.011096+0.023007i
0.012143+0.008089i,0.0039219+0.032407i,-0.012143-0.008089i,-0.0039219-0.032407i,0.012143+0.008089i,0.0039219+0.032407i,-0.012143-0.008089i
-0.025531+0.016022i,-0.062399+0.065488i,0.025531-0.016022i,0.062399-0.065488i,-0.025531+0.016022i,-0.062399+0.065488i,0.025531-0.016022i
-0.016856-0.02139i,-0.064684-0.0088051i,0.016856+0.02139i,0.064684+0.0088051i,-0.016856-0.02139i,-0.064684-0.0088051i,0.016856+0.02139i
0.013425+0.0019979i,0.0029787+0.019866i,-0.013425-0.0019979i,-0.0029787-0.019866i,0.013425+0.0019979i,0.0029787+0.019866i,-0.013425-0.0019979i
-0.020243+0.019516i,-0.051702+0.068337i,0.020243-0.019516i,0.051702-0.068337i,-0.020243+0.019516i,-0.051702+0.068337i,0.020243-0.019516i
-0.021904-0.018283i,-0.072765-0.0019273i,0.021904+0.018283i,0.072765+0.0019273i,-0.021904-0.018283i,-0.072765-0.0019273i,0.021904+0.018283i
0.013042-0.0040604i,-0.00081532+0.0081182i,-0.013042+0.0040604i,0.00081532-0.0081182i,0.013042-0.0040604i,-0.00081532+0.0081182i,-0.013042+0.0040604i
-0.014308+0.021508i,-0.04049+0.06832i,0.014308-0.021508i,0.04049-0.06832i,-0.014308+0.021508i,-0.04049+0.06832i,0.014308-0.021508i
-0.025887-0.01395i,-0.078455+0.0066649i,0.025887+0.01395i,0.078455-0.0066649i,-0.025887-0.01395i,-0.078455+0.0066649i,0.025887+0.01395i
0.011087-0.009659i,-0.0071404-0.0021566i,-0.011087+0.009659i,0.0071404+0.0021566i,0.011087-0.009659i,-0.0071404-0.0021566i,-0.011087+0.009659i
-0.008148+0.021901i,-0.029513+0.065437i,0.008148-0.021901i,0.029513-0.065437i,-0.008148+0.021901i,-0.029513+0.065437i,0.008148-0.021901i
-0.02854-0.0087311i,-0.081434+0.016292i,0.02854+0.0087311i,0.081434-0.016292i,-0.02854-0.0087311i,-0.081434+0.016292i,0.02854+0.0087311i
0.0077569-0.014416i,-0.01552-0.010386i,-0.0077569+0.014416i,0.01552+0.010386i,0.0077569-0.014416i,-0.01552-0.010386i,-0.0077569+0.014416i
-0.0021902+0.02071i,-0.019492+0.059872i,0.0021902-0.02071i,0.019492-0.059872i,-0.0021902+0.02071i,-0.019492+0.059872i,0.0021902-0.02071i
-0.029697-0.0030201i,-0.081567+0.026224i,0.029697+0.0030201i,0.081567-0.026224i,-0.029697-0.0030201i,-0.081567+0.026224i,0.029697+0.0030201i
0.0033378-0.018017i,-0.025354-0.016142i,-0.0033378+0.018017i,0.025354+0.016142i,0.0033378-0.018017i,-0.025354-0.016142i,-0.0033378+0.018017i
0.0031641+0.018064i,-0.011067+0.051984i,-0.0031641-0.018064i,0.011067-0.051984i,0.0031641+0.018064i,-0.011067+0.051984i,-0.0031641-0.018064i
-0.029302+0.0027673i,-0.078909+0.03573i,0.029302-0.0027673i,0.078909-0.03573i,-0.029302+0.0027673i,-0.078909+0.03573i,0.029302-0.0027673i
-0.001817-0.020238i,-0.035961-0.019167i,0.001817+0.020238i,0.035961+0.019167i,-0.001817-0.020238i,-0.035961-0.019167i,0.001817+0.020238i
0.0075647+0.014184i,-0.0047612+0.042276i,-0.0075647-0.014184i,0.0047612-0.042276i,0.0075647+0.014184i,-0.0047612+0.042276i,-0.0075647-0.014184i
-0.027409+0.0082202i,-0.073693+0.044121i,0.027409-0.0082202i,0.073693-0.044121i,-0.027409+0.0082202i,-0.073693+0.044121i,0.027409-0.0082202i
-0.007313-0.020957i,-0.046623-0.019381i,0.007313+0.020957i,0.046623+0.019381i,-0.007313-0.020957i,-0.046623-0.019381i,0.007313+0.020957i
0.010736+0.0093751i,-0.00095032+0.031361i,-0.010736-0.0093751i,0.00095032-0.031361i,0.010736+0.0093751i,-0.00095032+0.031361i,-0.010736-0.0093751i
-0.024175+0.012962i,-0.066316+0.050797i,0.024175-0.012962i,0.066316-0.050797i,-0.024175+0.012962i,-0.066316+0.050797i,0.024175-0.012962i
-0.012743-0.020157i,-0.056631-0.016893i,0.012743+0.020157i,0.056631+0.016893i,-0.012743-0.020157i,-0.056631-0.016893i,0.012743+0.020157i
0.012493+0.0039984i,0.00016177+0.019922i,-0.012493-0.0039984i,-0.00016177-0.019922i,0.012493+0.0039984i,0.00016177+0.019922i,-0.012493-0.0039984i
-0.019849+0.016673i,-0.057308+0.055285i,0.019849-0.016673i,0.057308-0.055285i,-0.019849+0.016673i,-0.057308+0.055285i,0.019849-0.016673i
-0.017713-0.017928i,-0.065335-0.011982i,0.017713+0.017928i,0.065335+0.011982i,-0.017713-0.017928i,-0.065335-0.011982i,0.017713+0.017928i
0.012754-0.001554i,-0.0014488+0.0086637i,-0.012754+0.001554i,0.0014488-0.0086637i,0.012754-0.001554i,-0.0014488+0.0086637i,-0.012754+0.001554i
-0.01475+0.019113i,-0.047298+0.057262i,0.01475-0.019113i,0.047298-0.057262i,-0.01475+0.019113i,-0.047298+0.057262i,0.01475-0.019113i
-0.021872-0.014459i,-0.072178-0.0050808i,0.021872+0.014459i,0.072178+0.0050808i,-0.021872-0.014459i,-0.072178-0.0050808i,0.021872+0.014459i
0.011541-0.0068859i,-0.005627-0.0017312i,-0.011541+0.0068859i,0.005627+0.0017312i,0.011541-0.0068859i,-0.005627-0.0017312i,-0.011541+0.0068859i
-0.0092431+0.020137i,-0.036968+0.056579i,0.0092431-0.020137i,0.036968-0.056579i,-0.0092431+0.020137i,-0.036968+0.056579i,0.0092431-0.020137i
-0.024934-0.01002i,-0.076739+0.0032557i,0.024934+0.01002i,0.076739-0.0032557i,-0.024934-0.01002i,-0.076739+0.0032557i,0.024934+0.01002i
0.0089787-0.011625i,-0.012052-0.010648i,-0.0089787+0.011625i,0.012052+0.010648i,0.0089787-0.011625i,-0.012052-0.010648i,-0.0089787+0.011625i
-0.0037174+0.019699i,-0.027011+0.053264i,0.0037174-0.019699i,0.027011-0.053264i,-0.0037174+0.019699i,-0.027011+0.053264i,0.0037174-0.019699i
-0.026694-0.0049429i,-0.07875+0.012389i,0.026694+0.0049429i,0.07875-0.012389i,-0.026694-0.0049429i,-0.07875+0.012389i,0.026694+0.0049429i
0.0052815-0.015448i,-0.02026-0.017576i,-0.0052815+0.015448i,0.02026+0.017576i,0.0052815-0.015448i,-0.02026-0.017576i,-0.0052815+0.015448i
0.0014449+0.017858i,-0.018084+0.047517i,-0.0014449-0.017858i,0.018084-0.047517i,0.0014449+0.017858i,-0.018084+0.047517i,-0.0014449-0.017858i
-0.027042+0.0004019i,-0.078117+0.021638i,0.027042-0.0004019i,0.078117-0.021638i,-0.027042+0.0004019i,-0.078117+0.021638i,0.027042-0.0004019i
0.00073915-0.0181i,-0.029677-0.022145i,-0.00073915+0.0181i,0.029677+0.022145i,0.00073915-0.0181i,-0.029677-0.022145i,-0.00073915+0.0181i
0.0058931+0.014767i,-0.010766+0.0397i,-0.0058931-0.014767i,0.010766-0.0397i,0.0058931+0.014767i,-0.010766+0.0397i,-0.0058931-0.014767i
-0.025972+0.005632i,-0.074921+0.030325i,0.025972-0.005632i,0.074921-0.030325i,-0.025972+0.005632i,-0.074921+0.030325i,0.025972-0.005632i
-0.0043054-0.019414i,-0.039659-0.024142i,0.0043054+0.019414i,0.039659+0.024142i,-0.0043054-0.019414i,-0.039659-0.024142i,0.0043054+0.019414i
0.0093318+0.010667i,-0.0055231+0.030304i,-0.0093318-0.010667i,0.0055231-0.030304i,0.0093318+0.010667i,-0.0055231+0.030304i,-0.0093318-0.010667i
-0.023573+0.010379i,-0.06941+0.037822i,0.023573-0.010379i,0.06941-0.037822i,-0.023573+0.010379i,-0.06941+0.037822i,0.023573-0.010379i
-0.0094806-0.019318i,-0.04953-0.023527i,0.0094806+0.019318i,0.04953+0.023527i,-0.0094806-0.019318i,-0.04953-0.023527i,0.0094806+0.019318i
0.01154+0.0058627i,-0.0026775+0.01992i,-0.01154-0.0058627i,0.0026775-0.01992i,0.01154+0.0058627i,-0.0026775+0.01992i,-0.01154-0.0058627i
-0.020031+0.014316i,-0.061982+0.043585i,0.020031-0.014316i,0.061982-0.043585i,-0.020031+0.014316i,-0.061982+0.043585i,0.020031-0.014316i
-0.014412-0.017839i,-0.058635-0.020431i,0.014412+0.017839i,0.058635+0.020431i,-0.014412-0.017839i,-0.058635-0.020431i,0.014412+0.017839i
0.012387+0.00070395i,-0.0023894+0.0091961i,-0.012387-0.00070395i,0.0023894-0.0091961i,0.012387+0.00070395i,-0.0023894+0.0091961i,-0.012387-0.00070395i
-0.015604+0.017174i,-0.053157+0.047193i,0.015604-0.017174i,0.053157-0.047193i,-0.015604+0.017174i,-0.053157+0.047193i,0.015604-0.017174i
-0.018748-0.015103i,-0.066373-0.015146i,0.018748+0.015103i,0.066373+0.015146i,-0.018748-0.015103i,-0.066373-0.015146i,0.018748+0.015103i
0.011836-0.0044393i,-0.0046481-0.0012026i,-0.011836+0.0044393i,0.0046481+0.0012026i,0.011836-0.0044393i,-0.0046481-0.0012026i,-0.011836+0.0044393i
-0.010613+0.018767i,-0.04354+0.048375i,0.010613-0.018767i,0.04354-0.048375i,-0.010613+0.018767i,-0.04354+0.048375i,0.010613-0.018767i
-0.022185-0.011318i,-0.072242-0.0081078i,0.022185+0.011318i,0.072242+0.0081078i,-0.022185-0.011318i,-0.072242-0.0081078i,0.022185+0.011318i
0.0099497-0.0092033i,-0.0092747-0.01064i,-0.0099497+0.0092033i,0.0092747+0.01064i,0.0099497-0.0092033i,-0.0092747-0.01064i,-0.0099497+0.0092033i
-0.005412+0.018997i,-0.033785+0.047022i,0.005412-0.018997i,0.033785-0.047022i,-0.005412+0.018997i,-0.033785+0.047022i,0.005412-0.018997i
-0.024484-0.0067656i,-0.075869+0.00014051i,0.024484+0.0067656i,0.075869-0.00014051i,-0.024484-0.0067656i,-0.075869+0.00014051i,0.024484+0.0067656i
0.0068825-0.013256i,-0.015935-0.018549i,-0.0068825+0.013256i,0.015935+0.018549i,0.0068825-0.013256i,-0.015935-0.018549i,-0.0068825+0.013256i
-0.00036719+0.017864i,-0.024544+0.043194i,0.00036719-0.017864i,0.024544-0.043194i,-0.00036719+0.017864i,-0.024544+0.043194i,0.00036719-0.017864i
-0.025492-0.0017762i,-0.077032+0.0089799i,0.025492+0.0017762i,0.077032-0.0089799i,-0.025492-0.0017762i,-0.077032+0.0089799i,0.025492+0.0017762i
0.0028691-0.016317i,-0.024165-0.024468i,-0.0028691+0.016317i,0.024165+0.024468i,0.0028691-0.016317i,-0.024165-0.024468i,-0.0028691+0.016317i
0.0041707+0.015463i,-0.016433+0.037117i,-0.0041707-0.015463i,0.016433-0.037117i,0.0041707+0.015463i,-0.016433+0.037117i,-0.0041707-0.015463i
-0.025145+0.0032922i,-0.075677+0.017759i,0.025145-0.0032922i,0.075677-0.017759i,-0.025145+0.0032922i,-0.075677+0.017759i,0.025145-0.0032922i
-0.0017928-0.018181i,-0.033399-0.028074i,0.0017928+0.018181i,0.033399+0.028074i,-0.0017928-0.018181i,-0.033399-0.028074i,0.0017928+0.018181i
0.0078894+0.011976i,-0.0099857+0.029162i,-0.0078894-0.011976i,0.0099857-0.029162i,0.0078894+0.011976i,-0.0099857+0.029162i,-0.0078894-0.011976i
-0.023479+0.0080802i,-0.071914+0.025835i,0.023479-0.0080802i,0.071914-0.025835i,-0.023479+0.0080802i,-0.071914+0.025835i,0.023479-0.0080802i
-0.0067631-0.018726i,-0.043009-0.029195i,0.0067631+0.018726i,0.043009+0.029195i,-0.0067631-0.018726i,-0.043009-0.029195i,0.0067631+0.018726i
0.010536+0.0076591i,-0.0056212+0.019825i,-0.010536-0.0076591i,0.0056212-0.019825i,0.010536+0.0076591i,-0.0056212+0.019825i,-0.010536-0.0076591i
-0.020618+0.012251i,-0.066014+0.03262i,0.020618-0.012251i,0.066014-0.03262i,-0.020618+0.012251i,-0.066014+0.03262i,0.020618-0.012251i
-0.011684-0.017926i,-0.052348-0.027827i,0.011684+0.017926i,0.052348+0.027827i,-0.011684-0.017926i,-0.052348-0.027827i,0.011684+0.017926i
0.011937+0.002826i,-0.003618+0.0096883i,-0.011937-0.002826i,0.003618-0.0096883i,0.011937+0.002826i,-0.003618+0.0096883i,-0.011937-0.002826i
-0.016771+0.015514i,-0.058387+0.037613i,0.016771-0.015514i,0.058387-0.037613i,-0.016771+0.015514i,-0.058387+0.037613i,0.016771-0.015514i
-0.016204-0.015846i,-0.060791-0.024132i,0.016204+0.015846i,0.060791+0.024132i,-0.016204-0.015846i,-0.060791-0.024132i,0.016204+0.015846i
0.012002-0.0021776i,-0.0040959-0.00061489i,-0.012002+0.0021776i,0.0040959+0.00061489i,0.012002-0.0021776i,-0.0040959-0.00061489i,-0.012002+0.0021776i
-0.012215+0.017644i,-0.049555+0.040437i,0.012215-0.017644i,0.049555-0.040437i,-0.012215+0.017644i,-0.049555+0.040437i,0.012215-0.017644i
-0.020003-0.012643i,-0.067777-0.018424i,0.020003+0.012643i,0.067777+0.018424i,-0.020003-0.012643i,-0.067777-0.018424i,0.020003+0.012643i
0.01074-0.006996i,-0.007009-0.010444i,-0.01074+0.006996i,0.007009+0.010444i,0.01074-0.006996i,-0.007009-0.010444i,-0.01074+0.006996i
-0.0072754+0.018498i,-0.040119+0.040862i,0.0072754-0.018498i,0.040119-0.040862i,-0.0072754+0.018498i,-0.040119+0.040862i,0.0072754-0.018498i
-0.022813-0.0085506i,-0.072843-0.011147i,0.022813+0.0085506i,0.072843+0.011147i,-0.022813-0.0085506i,-0.072843-0.011147i,0.022813+0.0085506i
0.0082494-0.011289i,-0.01215-0.019193i,-0.0082494+0.011289i,0.01215+0.019193i,0.0082494-0.011289i,-0.01215-0.019193i,-0.0082494+0.011289i
-0.0023016+0.018021i,-0.030715+0.038819i,0.0023016-0.018021i,0.030715-0.038819i,-0.0023016+0.018021i,-0.030715+0.038819i,0.0023016-0.018021i
-0.024438-0.0038634i,-0.075657-0.0028516i,0.024438+0.0038634i,0.075657+0.0028516i,-0.024438-0.0038634i,-0.075657-0.0028516i,0.024438+0.0038634i
0.0047145-0.014753i,-0.019164-0.026331i,-0.0047145+0.014753i,0.019164+0.026331i,0.0047145-0.014753i,-0.019164-0.026331i,-0.0047145+0.014753i
0.002355+0.016253i,-0.021976+0.034401i,-0.002355-0.016253i,0.021976-0.034401i,0.002355+0.016253i,-0.021976+0.034401i,-0.002355-0.016253i
-0.024767+0.0010837i,-0.076038+0.0058504i,0.024767-0.0010837i,0.076038-0.0058504i,-0.024767+0.0010837i,-0.076038+0.0058504i,0.024767-0.0010837i
0.00039169-0.017148i,-0.027572-0.031433i,-0.00039169+0.017148i,0.027572+0.031433i,0.00039169-0.017148i,-0.027572-0.031433i,-0.00039169+0.017148i
0.0063666+0.013325i,-0.014487+0.027863i,-0.0063666-0.013325i,0.014487-0.027863i,0.0063666+0.013325i,-0.014487+0.027863i,-0.0063666-0.013325i
-0.023778+0.0059387i,-0.073968+0.01432i,0.023778-0.0059387i,0.073968-0.01432i,-0.023778+0.0059387i,-0.073968+0.01432i,0.023778-0.0059387i
-0.0044084-0.018306i,-0.036806-0.034215i,0.0044084+0.018306i,0.036806+0.034215i,-0.0044084-0.018306i,-0.036806-0.034215i,0.0044084+0.018306i
0.0094515+0.0094474i,-0.008749+0.019598i,-0.0094515-0.0094474i,0.008749-0.019598i,0.0094515+0.0094474i,-0.008749+0.019598i,-0.0094515-0.0094474i
-0.021545+0.010357i,-0.069591+0.021937i,0.021545-0.010357i,0.069591-0.021937i,-0.021545+0.010357i,-0.069591+0.021937i,0.021545-0.010357i
-0.009343-0.018147i,-0.046242-0.034544i,0.009343+0.018147i,0.046242+0.034544i,-0.009343-0.018147i,-0.046242-0.034544i,0.009343+0.018147i
0.011393+0.0048978i,-0.0051457+0.010114i,-0.011393-0.0048978i,0.0051457-0.010114i,0.011393+0.0048978i,-0.0051457+0.010114i,-0.011393-0.0048978i
-0.018227+0.014026i,-0.063206+0.028138i,0.018227-0.014026i,0.063206-0.028138i,-0.018227+0.014026i,-0.063206+0.028138i,0.018227-0.014026i
-0.014061-0.016686i,-0.055244-0.032454i,0.014061+0.016686i,0.055244+0.032454i,-0.014061-0.016686i,-0.055244-0.032454i,0.014061+0.016686i
0.012056,-0.0039173,-0.012056,0.0039173,0.012056,-0.0039173,-0.012056
