0.00038874,0.0011592,0.00040691,7.5774e-06,3.3666e-05,2.5885e-05,2.5885e-05,3.3665e-05,7.2267e-06,0.00026762,0.00021543,0.00021543,0.00026762,7.2267e-06,3.3665e-05,2.5885e-05,2.5885e-05,3.3665e-05,7.2267e-06,0.00026762,0.00021543,0.00021543,0.00026762,7.2267e-06,3.3665e-05,2.5885e-05,2.5885e-05,3.3665e-05,7.2267e-06,0.00026762,0.00021543,0.00021543,0.00026762,7.2267e-06,3.3665e-05,2.5885e-05,2.5885e-05,3.3666e-05,7.5774e-06,0.00040691,0.0011592
0.0021704,0.0023179,0.0023755,0.00089408,0.00030476,5.6495e-05,7.8582e-05,0.00050031,0.0013245,0.0039803,0.0050253,0.0050253,0.0039803,0.0013244,0.00049989,7.7771e-05,7.7771e-05,0.00049989,0.0013244,0.0039803,0.0050253,0.0050253,0.0039803,0.0013244,0.00049989,7.7771e-05,7.7771e-05,0.00049989,0.0013244,0.0039803,0.0050253,0.0050253,0.0039803,0.0013245,0.00050031,7.8582e-05,5.6495e-05,0.00030476,0.00089408,0.0023755,0.0023179
0.0030397,0.0027978,0.00283,0.0020758,0.0011528,0.00097221,0.0012759,0.0022305,0.0052059,0.0089411,0.0091921,0.0091972,0.0089696,0.0053241,0.0024834,0.0016791,0.0016676,0.0024862,0.005327,0.0089692,0.0091938,0.0091968,0.0089695,0.0053241,0.0024834,0.0016791,0.0016676,0.0024862,0.005327,0.0089692,0.0091942,0.0091951,0.0089414,0.0052029,0.0022279,0.0012818,0.00097997,0.0011537,0.0020776,0.0028274,0.002797
0.0036413,0.0029676,0.0025968,0.0021308,0.0013751,0.0010234,0.0019571,0.0049773,0.0092386,0.011844,0.011265,0.01111,0.011508,0.0091568,0.0054981,0.0031675,0.0031677,0.0054979,0.0091499,0.011467,0.010964,0.010964,0.011467,0.0091499,0.0054979,0.0031677,0.0031675,0.0054981,0.0091568,0.011508,0.01111,0.011265,0.011844,0.0092386,0.0049773,0.0019571,0.0010234,0.0013751,0.0021308,0.0025968,0.0029676
0.0042055,0.003046,0.0020398,0.0013189,0.00085655,0.0012795,0.0037783,0.0079312,0.011829,0.012796,0.012032,0.011117,0.010219,0.0082666,0.0042598,0.0010991,0.0010989,0.0042482,0.0081777,0.009869,0.010152,0.010152,0.009869,0.0081777,0.0042482,0.0010989,0.0010991,0.0042598,0.0082666,0.010219,0.011117,0.012032,0.012796,0.011829,0.0079312,0.0037783,0.0012795,0.00085655,0.0013189,0.0020398,0.003046
0.0072963,0.0067736,0.0068337,0.0078893,0.010178,0.013589,0.017522,0.020685,0.02175,0.020502,0.018388,0.017341,0.017528,0.018075,0.018022,0.017567,0.017512,0.017786,0.017633,0.016595,0.015502,0.015552,0.016587,0.017623,0.017812,0.017503,0.017576,0.017996,0.018085,0.017537,0.017309,0.01851,0.020492,0.021742,0.020699,0.017519,0.013591,0.010177,0.0078878,0.00683,0.0068538
0.014286,0.015278,0.017723,0.022768,0.029006,0.035939,0.041445,0.043726,0.043039,0.0404,0.037512,0.037594,0.04093,0.046426,0.05206,0.055025,0.055177,0.052387,0.046955,0.04149,0.037847,0.037847,0.04149,0.046955,0.052387,0.055177,0.055025,0.05206,0.046426,0.04093,0.037594,0.037512,0.0404,0.043039,0.043726,0.041445,0.035939,0.029006,0.022768,0.017723,0.015278
0.023878,0.028087,0.034739,0.043732,0.054235,0.064632,0.072067,0.074829,0.074363,0.072159,0.07098,0.074113,0.081844,0.093282,0.10297,0.11047,0.1117,0.10635,0.098981,0.089715,0.083698,0.083698,0.089715,0.098981,0.10635,0.1117,0.11047,0.10297,0.093282,0.081844,0.074113,0.07098,0.072159,0.074363,0.074829,0.072067,0.064632,0.054235,0.043732,0.034739,0.028087
0.036028,0.043775,0.054982,0.068053,0.082229,0.095337,0.10346,0.10839,0.10879,0.10865,0.11186,0.1192,0.132,0.14818,0.16336,0.17399,0.1769,0.17157,0.1618,0.15148,0.14479,0.14477,0.15154,0.16177,0.17155,0.17699,0.17435,0.16334,0.14817,0.13199,0.11921,0.11185,0.10869,0.10877,0.10837,0.10379,0.095571,0.082221,0.068052,0.05497,0.043781
0.049329,0.060963,0.075312,0.090948,0.10717,0.1207,0.13008,0.13548,0.13784,0.14169,0.14826,0.16101,0.17792,0.19646,0.21473,0.22761,0.2319,0.22697,0.21699,0.20781,0.20146,0.20146,0.20781,0.21699,0.22697,0.2319,0.22761,0.21473,0.19646,0.17792,0.16101,0.14826,0.14169,0.13784,0.13548,0.13008,0.1207,0.10717,0.090948,0.075312,0.060963
0.062764,0.075985,0.091478,0.10936,0.12392,0.13615,0.14471,0.15182,0.15681,0.16162,0.17387,0.18786,0.20567,0.22756,0.24419,0.25611,0.25927,0.25794,0.25108,0.23981,0.23709,0.23676,0.24072,0.25075,0.25768,0.26089,0.255,0.24439,0.22782,0.20495,0.18812,0.17362,0.1623,0.15657,0.15163,0.14604,0.13586,0.12399,0.10946,0.091212,0.07608
0.071772,0.086394,0.10255,0.11647,0.13062,0.14071,0.1491,0.15504,0.16116,0.16914,0.18053,0.19549,0.21375,0.23028,0.24646,0.25598,0.26037,0.25827,0.2527,0.24674,0.2428,0.24227,0.24678,0.25274,0.25818,0.26039,0.25596,0.24651,0.23027,0.21375,0.1953,0.18016,0.16917,0.1612,0.15496,0.14913,0.14069,0.13067,0.11645,0.10254,0.086373
0.076774,0.090234,0.1041,0.11635,0.12765,0.13428,0.14138,0.14728,0.15243,0.16136,0.17203,0.18587,0.20132,0.21344,0.2255,0.23144,0.23463,0.23464,0.23029,0.22774,0.22553,0.22553,0.22774,0.23029,0.23464,0.23463,0.23144,0.2255,0.21344,0.20132,0.18587,0.17203,0.16136,0.15243,0.14728,0.14138,0.13428,0.12765,0.11635,0.1041,0.090234
0.07803,0.088082,0.098333,0.10937,0.11565,0.12171,0.12747,0.13162,0.13679,0.1417,0.15243,0.16174,0.17187,0.18408,0.19023,0.1968,0.19945,0.19685,0.19491,0.19106,0.19032,0.19032,0.19106,0.19491,0.19685,0.19945,0.1968,0.19023,0.18408,0.17187,0.16174,0.15243,0.1417,0.13679,0.13162,0.12747,0.12171,0.11565,0.10937,0.098333,0.088082
0.07202,0.081491,0.08959,0.095636,0.098728,0.10381,0.10768,0.11198,0.11626,0.12001,0.1239,0.13203,0.14133,0.14675,0.14993,0.15198,0.15315,0.15429,0.15529,0.15223,0.14907,0.14907,0.15223,0.15529,0.15429,0.15315,0.15144,0.14996,0.14676,0.14131,0.13203,0.12391,0.11996,0.11628,0.11201,0.10714,0.10328,0.098759,0.095658,0.089551,0.0815
0.065787,0.070217,0.073929,0.08171,0.08272,0.086885,0.088109,0.088204,0.093624,0.094165,0.099509,0.1017,0.10394,0.11188,0.11181,0.11544,0.1155,0.11346,0.11534,0.11151,0.11174,0.11174,0.11151,0.11534,0.11346,0.1155,0.11544,0.11181,0.11188,0.10394,0.1017,0.099509,0.094165,0.093624,0.088204,0.088109,0.086885,0.08272,0.08171,0.073929,0.070217
0.055447,0.059383,0.062255,0.064239,0.065879,0.066934,0.067569,0.068202,0.068973,0.070108,0.071554,0.073256,0.074912,0.076446,0.077572,0.078157,0.078189,0.077783,0.07715,0.07654,0.076172,0.076172,0.07654,0.07715,0.077783,0.078189,0.078157,0.077572,0.076446,0.074912,0.073256,0.071554,0.070108,0.068973,0.068202,0.067569,0.066934,0.065879,0.064239,0.062255,0.059383
0.045382,0.049217,0.051003,0.05084,0.05232,0.052781,0.051463,0.051665,0.052302,0.050635,0.051451,0.053032,0.051891,0.051592,0.054141,0.0524,0.051622,0.0535,0.051362,0.050236,0.052357,0.052357,0.050236,0.051362,0.0535,0.051622,0.0524,0.054141,0.051592,0.051891,0.053032,0.051545,0.050623,0.052287,0.051707,0.051448,0.052797,0.05227,0.050861,0.051027,0.04892
0.039036,0.038908,0.038699,0.041222,0.039342,0.040663,0.03805,0.035933,0.0374,0.035127,0.034767,0.033858,0.032385,0.035214,0.033631,0.033071,0.032413,0.031282,0.032998,0.030629,0.030568,0.030568,0.030629,0.032998,0.031282,0.032413,0.033071,0.033631,0.035214,0.032385,0.033858,0.034767,0.035127,0.0374,0.035933,0.03805,0.040663,0.039342,0.041222,0.038699,0.038908
0.02975,0.030391,0.030536,0.030123,0.029302,0.028418,0.029087,0.027229,0.02499,0.023385,0.022062,0.021013,0.020234,0.019219,0.018554,0.019775,0.019802,0.017961,0.016695,0.016676,0.016612,0.016612,0.016676,0.016695,0.017961,0.019802,0.019775,0.018554,0.019219,0.020234,0.021013,0.022062,0.023385,0.02499,0.027229,0.029087,0.028418,0.029302,0.030123,0.030536,0.030391
0.023304,0.024237,0.024987,0.024193,0.023505,0.020587,0.019469,0.017934,0.01582,0.015364,0.014725,0.013704,0.013214,0.011255,0.0099915,0.008631,0.0081907,0.0083545,0.0081033,0.008519,0.0091235,0.0091235,0.008519,0.0081033,0.0083545,0.0081907,0.008631,0.0099915,0.011255,0.013214,0.013704,0.014725,0.015364,0.01582,0.017934,0.019469,0.020866,0.023486,0.024177,0.025021,0.024227
0.019453,0.019132,0.019414,0.018109,0.016884,0.016401,0.014602,0.01302,0.012036,0.010325,0.0093152,0.0079709,0.0067333,0.0059793,0.0052,0.0044094,0.0039911,0.0036413,0.0032685,0.0031318,0.0030212,0.0030202,0.003132,0.0032687,0.0036406,0.0039914,0.0044091,0.0052009,0.0059789,0.006733,0.0079746,0.0088394,0.010359,0.012066,0.012953,0.014624,0.016381,0.016934,0.018091,0.019398,0.019247
0.016616,0.016664,0.015299,0.015065,0.013656,0.012917,0.011301,0.010321,0.008695,0.0076753,0.0061591,0.0045669,0.0043049,0.0033341,0.0025556,0.001944,0.0014751,0.001079,0.00085255,0.0006735,0.00038701,0.00038701,0.0006735,0.00085255,0.001079,0.0014751,0.001944,0.0025556,0.0033341,0.0043049,0.0045669,0.0061591,0.0076753,0.008695,0.010321,0.011301,0.012917,0.013656,0.015065,0.015299,0.016664
0.014723,0.013465,0.01307,0.013432,0.011667,0.010507,0.0097368,0.009144,0.007445,0.0060434,0.0053882,0.004573,0.0030924,0.0025121,0.0021014,0.0014378,0.00073902,0.00051248,0.00037814,0.0001376,4.2845e-06,4.2845e-06,0.0001376,0.00037814,0.00051248,0.00073902,0.0014378,0.0021014,0.0025121,0.0030924,0.004573,0.0053882,0.0060434,0.007445,0.009144,0.0097368,0.010507,0.011667,0.013432,0.01307,0.013465
0.013063,0.012736,0.012361,0.012386,0.011443,0.0093715,0.0082282,0.00838,0.0072717,0.0063077,0.005462,0.0046394,0.0038092,0.0031535,0.0029333,0.0024545,0.0014213,0.00089795,0.00092253,0.00073689,0.00064971,0.00064971,0.00073689,0.00092253,0.00089795,0.0014213,0.0024545,0.0029333,0.0031535,0.0038092,0.0046394,0.005462,0.0063077,0.0072717,0.00838,0.0082282,0.0093715,0.011443,0.012386,0.012361,0.012736
0.012465,0.01218,0.011821,0.011941,0.01197,0.011215,0.010522,0.0098115,0.0083449,0.0061643,0.0055369,0.0048996,0.0041263,0.0038674,0.003647,0.0032096,0.0027379,0.0024189,0.0026689,0.003012,0.0028407,0.0028407,0.003012,0.0026689,0.0024189,0.0027379,0.0032096,0.003647,0.0038674,0.0041263,0.0048996,0.0055369,0.0061643,0.0083449,0.0098115,0.010522,0.011215,0.01197,0.011941,0.011821,0.01218
0.012762,0.01199,0.011586,0.012215,0.01097,0.010748,0.010063,0.0093122,0.0095644,0.0082849,0.0076511,0.0069081,0.0061971,0.0060273,0.0059902,0.0049391,0.0044097,0.00425,0.0042433,0.0046098,0.0037221,0.0037221,0.0046098,0.0042433,0.00425,0.0044097,0.0049391,0.0059902,0.0060273,0.0061971,0.0069081,0.0076511,0.0082849,0.0095644,0.0093122,0.010063,0.010748,0.01097,0.012215,0.011586,0.01199
0.012191,0.012137,0.012809,0.011962,0.011915,0.012053,0.011026,0.010871,0.01068,0.0096001,0.0096799,0.0094617,0.0080707,0.0081191,0.0072719,0.0068503,0.0070102,0.0061613,0.0061454,0.0063933,0.0051654,0.0051654,0.0063933,0.0061454,0.0061613,0.0070102,0.0068503,0.0072719,0.0081191,0.0080707,0.0094617,0.0096799,0.0096001,0.01068,0.010871,0.011026,0.012053,0.011915,0.011962,0.012809,0.012137
0.012612,0.013345,0.013571,0.01271,0.013387,0.012359,0.012768,0.011885,0.011882,0.011317,0.011085,0.0093775,0.010136,0.0095139,0.009329,0.0086962,0.0088151,0.0081323,0.0084658,0.0077381,0.0083134,0.0083134,0.0077381,0.0084658,0.0081323,0.0088151,0.0086962,0.009329,0.0095139,0.010136,0.0093775,0.011085,0.011317,0.011882,0.011885,0.012768,0.012359,0.013387,0.01271,0.013571,0.013345
0.014441,0.013852,0.013609,0.014459,0.013128,0.0136,0.013888,0.013329,0.013609,0.011944,0.012068,0.012471,0.012344,0.011749,0.010197,0.010181,0.010814,0.01075,0.010205,0.0093364,0.0093292,0.0093292,0.0093364,0.010205,0.01075,0.010814,0.010181,0.010197,0.011749,0.012344,0.012471,0.012068,0.011944,0.013609,0.013329,0.013888,0.0136,0.013128,0.014459,0.013609,0.013852
0.014543,0.01473,0.013964,0.015038,0.015021,0.015055,0.013999,0.014809,0.014668,0.013302,0.014094,0.013779,0.012562,0.013087,0.012769,0.01256,0.011488,0.012072,0.011958,0.010925,0.011774,0.01174,0.011023,0.011913,0.012019,0.012249,0.011706,0.012829,0.013139,0.012448,0.01382,0.014054,0.013419,0.014613,0.014745,0.014939,0.014081,0.015089,0.015095,0.01384,0.014773
0.014949,0.015388,0.015097,0.014806,0.015874,0.015826,0.0158,0.015187,0.014626,0.015495,0.015067,0.014829,0.014773,0.013459,0.014164,0.013738,0.013528,0.013528,0.012427,0.013245,0.013021,0.013021,0.013245,0.012427,0.013528,0.013528,0.013738,0.014164,0.013459,0.014773,0.014829,0.015067,0.015495,0.014626,0.015187,0.0158,0.015826,0.015874,0.014806,0.015097,0.015388
0.015678,0.015954,0.016272,0.016327,0.016536,0.016695,0.01556,0.016651,0.016466,0.01625,0.016215,0.015953,0.015774,0.015392,0.015222,0.015074,0.013811,0.014638,0.01444,0.014292,0.014379,0.014335,0.014425,0.014381,0.01457,0.014804,0.013997,0.015298,0.015456,0.015627,0.016003,0.016165,0.016401,0.016399,0.016572,0.016708,0.015552,0.016614,0.016393,0.016123,0.016004
0.016093,0.016449,0.016745,0.016979,0.017148,0.017252,0.017294,0.017278,0.017208,0.017092,0.016938,0.016754,0.016551,0.016338,0.016125,0.015921,0.015737,0.015579,0.015455,0.015369,0.015325,0.015325,0.015369,0.015455,0.015579,0.015737,0.015921,0.016125,0.016338,0.016551,0.016754,0.016938,0.017092,0.017208,0.017278,0.017294,0.017252,0.017148,0.016979,0.016745,0.016449
0.015156,0.015905,0.016287,0.016398,0.017831,0.019521,0.019404,0.019294,0.018583,0.018649,0.018739,0.017153,0.015921,0.015777,0.015679,0.015333,0.015113,0.016233,0.017644,0.017351,0.017173,0.017173,0.017351,0.017644,0.016233,0.015113,0.015333,0.015679,0.015777,0.015921,0.017153,0.018739,0.018649,0.018583,0.019294,0.019404,0.019521,0.017831,0.016398,0.016287,0.015905
0.016652,0.018238,0.018833,0.017938,0.018364,0.016651,0.017769,0.019543,0.019448,0.018376,0.018121,0.016575,0.017307,0.017252,0.018298,0.018682,0.017018,0.015479,0.016756,0.016541,0.017839,0.017839,0.016541,0.016756,0.015479,0.017018,0.018682,0.018298,0.017252,0.017307,0.016575,0.018121,0.018376,0.019448,0.019543,0.017769,0.016651,0.018364,0.017938,0.018833,0.018238
0.016592,0.01897,0.019242,0.01799,0.017674,0.019792,0.020026,0.018299,0.016927,0.019669,0.020005,0.017969,0.015131,0.017601,0.019406,0.018616,0.015671,0.017008,0.018741,0.018495,0.016745,0.016745,0.018495,0.018741,0.017008,0.015671,0.018616,0.019406,0.017601,0.015131,0.017969,0.020005,0.019669,0.016927,0.018299,0.020026,0.019792,0.017674,0.01799,0.019242,0.01897
0.018118,0.017385,0.019226,0.01919,0.018159,0.01834,0.018007,0.018573,0.018532,0.018549,0.018288,0.018075,0.019647,0.019062,0.017628,0.01904,0.018976,0.017307,0.017269,0.017113,0.017309,0.017309,0.017113,0.017269,0.017307,0.018976,0.01904,0.017628,0.019062,0.019647,0.018075,0.018288,0.018549,0.018532,0.018573,0.018007,0.01834,0.018159,0.01919,0.019226,0.017385
0.016932,0.017435,0.02081,0.017486,0.018455,0.018324,0.016881,0.02008,0.018121,0.018372,0.021388,0.017875,0.018085,0.018008,0.017796,0.020815,0.017325,0.017275,0.020508,0.017154,0.017314,0.017314,0.017154,0.020508,0.017275,0.017325,0.020815,0.017796,0.018008,0.018085,0.017875,0.021388,0.018372,0.018121,0.02008,0.016881,0.018324,0.018455,0.017486,0.02081,0.017435
0.017277,0.018652,0.018209,0.017683,0.019436,0.019559,0.019447,0.018384,0.0194,0.018438,0.019535,0.018264,0.017947,0.019294,0.017854,0.01876,0.017622,0.01852,0.017531,0.018653,0.017342,0.017342,0.018653,0.017531,0.01852,0.017622,0.01876,0.017854,0.019294,0.017947,0.018264,0.019535,0.018438,0.0194,0.018384,0.019447,0.019559,0.019436,0.017683,0.018209,0.018652
0.018419,0.017397,0.017028,0.017972,0.017507,0.017998,0.017785,0.018014,0.018055,0.01787,0.017875,0.019329,0.019235,0.019001,0.01895,0.018888,0.018702,0.018694,0.018465,0.018558,0.018415,0.018415,0.018558,0.018465,0.018694,0.018702,0.018888,0.01895,0.019001,0.019235,0.019329,0.017875,0.01787,0.018055,0.018014,0.017785,0.017998,0.017507,0.017972,0.017028,0.017397
0.016938,0.017683,0.016665,0.017991,0.018773,0.019164,0.019175,0.019072,0.018335,0.017216,0.018345,0.018815,0.01922,0.018751,0.018602,0.017876,0.016921,0.017606,0.018099,0.018774,0.018162,0.018162,0.018774,0.018099,0.017606,0.016921,0.017876,0.018602,0.018751,0.01922,0.018815,0.018345,0.017216,0.018335,0.019072,0.019175,0.019164,0.018773,0.017991,0.016665,0.017683
0.018214,0.018148,0.015513,0.019222,0.018795,0.018784,0.020459,0.018704,0.019268,0.018949,0.015855,0.019186,0.018771,0.018591,0.018567,0.015378,0.018628,0.018505,0.015159,0.018407,0.018186,0.018186,0.018407,0.015159,0.018505,0.018628,0.015378,0.018567,0.018591,0.018771,0.019186,0.015855,0.018949,0.019268,0.018704,0.020459,0.018784,0.018795,0.019222,0.015513,0.018148
0.017892,0.017825,0.017916,0.018472,0.018377,0.0183,0.018735,0.018445,0.018426,0.018743,0.017288,0.017146,0.018592,0.01713,0.0167,0.018374,0.016832,0.016596,0.018086,0.01658,0.018037,0.016418,0.016684,0.018175,0.016414,0.016892,0.018313,0.016861,0.017059,0.018506,0.018276,0.018367,0.018676,0.01838,0.018542,0.018708,0.018319,0.018324,0.018488,0.017924,0.017807
0.019126,0.01777,0.014782,0.018276,0.019712,0.018215,0.015176,0.018542,0.020105,0.016541,0.016163,0.019888,0.018305,0.014842,0.018006,0.019382,0.017838,0.014631,0.017836,0.019347,0.015778,0.015778,0.019347,0.017836,0.014631,0.017838,0.019382,0.018006,0.014842,0.018305,0.019888,0.016163,0.016541,0.020105,0.018542,0.015176,0.018215,0.019712,0.018276,0.014782,0.01777
0.015806,0.016956,0.018704,0.0174,0.01778,0.016433,0.017741,0.017927,0.017847,0.016509,0.0176,0.017561,0.017443,0.017513,0.016134,0.01738,0.017429,0.017244,0.015938,0.01711,0.017038,0.017038,0.01711,0.015938,0.017244,0.017429,0.01738,0.016134,0.017513,0.017443,0.017561,0.0176,0.016509,0.017847,0.017927,0.017741,0.016433,0.01778,0.0174,0.018704,0.016956
0.017846,0.017928,0.016929,0.015858,0.016606,0.017343,0.018412,0.019002,0.017331,0.014753,0.016287,0.017312,0.0183,0.017174,0.015645,0.014448,0.016931,0.0181,0.017867,0.01675,0.015772,0.015772,0.01675,0.017867,0.0181,0.016931,0.014448,0.015645,0.017174,0.0183,0.017312,0.016287,0.014753,0.017331,0.019002,0.018412,0.017343,0.016606,0.015858,0.016929,0.017928
0.014922,0.015529,0.01578,0.015626,0.016502,0.019888,0.018392,0.016596,0.01569,0.015771,0.016058,0.016393,0.017666,0.019669,0.016384,0.015124,0.015394,0.015457,0.015199,0.016123,0.017566,0.017566,0.016123,0.015199,0.015457,0.015394,0.015124,0.016384,0.019669,0.017666,0.016393,0.016058,0.015771,0.01569,0.016596,0.018392,0.019888,0.016502,0.015626,0.01578,0.015529
0.016287,0.015103,0.015893,0.017336,0.017634,0.016041,0.014858,0.016831,0.016821,0.016363,0.016749,0.016649,0.015193,0.015863,0.017044,0.017164,0.015708,0.01462,0.014641,0.016386,0.015985,0.015985,0.016386,0.014641,0.01462,0.015708,0.017164,0.017044,0.015863,0.015193,0.016649,0.016749,0.016363,0.016821,0.016831,0.014858,0.016041,0.017634,0.017336,0.015893,0.015103
0.016424,0.015232,0.01556,0.015649,0.015657,0.015565,0.015642,0.015815,0.014355,0.014316,0.014482,0.014621,0.016447,0.016236,0.016028,0.016174,0.015996,0.016052,0.01574,0.015702,0.016769,0.016769,0.015702,0.01574,0.016052,0.015996,0.016174,0.016028,0.016236,0.016447,0.014621,0.014482,0.014316,0.014355,0.015815,0.015642,0.015565,0.015657,0.015649,0.01556,0.015232
0.014979,0.015106,0.01521,0.015289,0.015346,0.015382,0.015399,0.015399,0.015384,0.015357,0.01532,0.015276,0.015227,0.015176,0.015125,0.015077,0.015034,0.014997,0.014968,0.014948,0.014938,0.014938,0.014948,0.014968,0.014997,0.015034,0.015077,0.015125,0.015176,0.015227,0.015276,0.01532,0.015357,0.015384,0.015399,0.015399,0.015382,0.015346,0.015289,0.01521,0.015106
0.016116,0.016298,0.016325,0.016452,0.016553,0.016249,0.016162,0.016156,0.016131,0.01615,0.0161,0.01609,0.015964,0.015974,0.016005,0.014916,0.013813,0.0122,0.012342,0.012258,0.012125,0.012125,0.012258,0.012342,0.0122,0.013813,0.014916,0.016005,0.015974,0.015964,0.01609,0.0161,0.01615,0.016131,0.016156,0.016162,0.016249,0.016553,0.016452,0.016325,0.016298
0.013088,0.013044,0.013165,0.014497,0.015779,0.017204,0.017082,0.01725,0.017246,0.014386,0.013521,0.013667,0.013488,0.01308,0.013017,0.013095,0.013165,0.013055,0.014035,0.016839,0.01666,0.01666,0.016839,0.014035,0.013055,0.013165,0.013095,0.013017,0.01308,0.013488,0.013667,0.013521,0.014386,0.017246,0.01725,0.017082,0.017204,0.015779,0.014497,0.013165,0.013044
0.013909,0.013941,0.014015,0.014165,0.014235,0.014148,0.013347,0.015173,0.014243,0.014,0.014239,0.013944,0.014189,0.013867,0.013966,0.015233,0.013405,0.013816,0.013897,0.013841,0.01375,0.01375,0.013841,0.013897,0.013816,0.013405,0.015233,0.013966,0.013867,0.014189,0.013944,0.014239,0.014,0.014243,0.015173,0.013347,0.014148,0.014235,0.014165,0.014015,0.013941
0.012497,0.015097,0.015031,0.014691,0.014935,0.012258,0.011403,0.012721,0.015296,0.015165,0.014637,0.014808,0.013134,0.012144,0.012369,0.014902,0.014939,0.014325,0.014734,0.013044,0.012193,0.012193,0.013044,0.014734,0.014325,0.014939,0.013435,0.012458,0.012218,0.012965,0.014864,0.014587,0.0153,0.015241,0.012663,0.012246,0.013115,0.014881,0.014657,0.015083,0.015084
0.012022,0.012004,0.013024,0.015634,0.013686,0.013161,0.012341,0.011855,0.01316,0.015615,0.013077,0.012182,0.012174,0.012962,0.013987,0.015358,0.012782,0.012161,0.011912,0.01274,0.015279,0.015279,0.01274,0.011912,0.012161,0.012782,0.015358,0.013987,0.012962,0.012174,0.012182,0.013077,0.015615,0.01316,0.011855,0.012341,0.013161,0.013686,0.015634,0.013024,0.012004
0.012611,0.012823,0.012726,0.013729,0.013517,0.012813,0.01295,0.012814,0.013703,0.01355,0.012678,0.012871,0.012736,0.01269,0.012503,0.012565,0.012772,0.012458,0.012505,0.012337,0.012635,0.012635,0.012337,0.012505,0.012458,0.012772,0.012565,0.012503,0.01269,0.012736,0.012871,0.012678,0.01355,0.013703,0.012814,0.01295,0.012813,0.013517,0.013729,0.012726,0.012823
0.012253,0.013599,0.013446,0.012344,0.011063,0.014005,0.013833,0.012285,0.011088,0.013732,0.013849,0.012258,0.0098187,0.012269,0.013737,0.013146,0.010554,0.012113,0.01354,0.013371,0.011985,0.011985,0.013371,0.01354,0.012113,0.010554,0.013146,0.013737,0.012269,0.0098187,0.012258,0.013849,0.013732,0.011088,0.012285,0.013833,0.014005,0.011063,0.012344,0.013446,0.013599
0.010291,0.012815,0.013887,0.010819,0.010507,0.013107,0.013626,0.010577,0.01034,0.013426,0.013355,0.010348,0.012732,0.014521,0.013029,0.010231,0.012843,0.013488,0.010435,0.01029,0.013044,0.013044,0.01029,0.010435,0.013488,0.012843,0.010231,0.013029,0.014521,0.012732,0.010348,0.013355,0.013426,0.01034,0.010577,0.013626,0.013107,0.010507,0.010819,0.013887,0.012815
0.011189,0.01117,0.012917,0.011207,0.011227,0.012961,0.013075,0.011199,0.011756,0.012235,0.011189,0.011209,0.01262,0.011168,0.011115,0.011704,0.011572,0.010993,0.012476,0.01266,0.010965,0.010965,0.01266,0.012476,0.010993,0.011572,0.011704,0.011115,0.011168,0.01262,0.011209,0.011189,0.012235,0.011756,0.011199,0.013075,0.012961,0.011227,0.011207,0.012917,0.01117
0.010588,0.011027,0.011454,0.010742,0.011055,0.011465,0.011006,0.011244,0.01143,0.010972,0.011152,0.011373,0.010895,0.011071,0.011266,0.010784,0.011701,0.012182,0.012261,0.011497,0.012306,0.012306,0.011497,0.012261,0.012182,0.011701,0.010784,0.011266,0.011071,0.010895,0.011373,0.011152,0.010972,0.01143,0.011244,0.011006,0.011465,0.011055,0.010742,0.011454,0.011027
0.010521,0.011209,0.012071,0.010604,0.011301,0.012118,0.0106,0.011279,0.012044,0.010502,0.012047,0.010373,0.010538,0.012046,0.010314,0.010507,0.011921,0.010423,0.01042,0.011848,0.010402,0.010531,0.01187,0.010448,0.010397,0.01196,0.010463,0.01041,0.011961,0.010434,0.011974,0.011163,0.01056,0.012088,0.011257,0.010616,0.012106,0.011263,0.010608,0.012088,0.010618
0.010234,0.010372,0.012873,0.0098243,0.010359,0.010458,0.0092681,0.011759,0.010126,0.010382,0.012757,0.0099807,0.010164,0.010241,0.010204,0.012687,0.0099274,0.010021,0.012664,0.0099863,0.010073,0.010073,0.0099863,0.012664,0.010021,0.0099274,0.012687,0.010204,0.010241,0.010164,0.0099807,0.012757,0.010382,0.010126,0.011759,0.0092681,0.010458,0.010359,0.0098243,0.012873,0.010372
0.0098466,0.0098835,0.011464,0.0096393,0.011485,0.0099212,0.0099142,0.011465,0.0096161,0.011432,0.0098569,0.009831,0.011357,0.0095195,0.011313,0.0097553,0.0097349,0.011254,0.0094427,0.011235,0.0097019,0.0097019,0.011235,0.0094427,0.011254,0.0097349,0.0097553,0.011313,0.0095195,0.011357,0.009831,0.0098569,0.011432,0.0096161,0.011465,0.0099142,0.0099212,0.011485,0.0096393,0.011464,0.0098835
0.0094909,0.0096427,0.011463,0.01012,0.010968,0.0091177,0.010957,0.0096528,0.0095804,0.011417,0.0099311,0.011006,0.0091666,0.0095849,0.0095413,0.0093622,0.01116,0.0098041,0.010997,0.0091907,0.009488,0.009488,0.0091907,0.010997,0.0098041,0.01116,0.0093622,0.0095413,0.0095849,0.0091666,0.011006,0.0099311,0.011417,0.0095804,0.0096528,0.010957,0.0091177,0.010968,0.01012,0.011463,0.0096427
0.0092918,0.0097073,0.01063,0.0090964,0.010569,0.0092635,0.010507,0.0092829,0.010384,0.0092397,0.010436,0.0089826,0.0091249,0.010478,0.0090013,0.010383,0.0090889,0.010339,0.0090066,0.010318,0.0090802,0.0091413,0.010333,0.009037,0.010262,0.0091222,0.01034,0.0091348,0.010397,0.0090342,0.01052,0.0095821,0.009287,0.010426,0.0092274,0.010522,0.0092551,0.01057,0.0090975,0.010652,0.0091758
0.0085188,0.010009,0.010545,0.0089982,0.010442,0.0091685,0.010359,0.0091979,0.010137,0.0092516,0.010146,0.0081132,0.0097634,0.0088793,0.0097335,0.0087635,0.0098856,0.0087177,0.0099804,0.0085843,0.010079,0.010079,0.0085843,0.0099804,0.0087177,0.0098856,0.0087635,0.0097335,0.0088793,0.0097634,0.0081132,0.010146,0.0092516,0.010137,0.0091979,0.010359,0.0091685,0.010442,0.0089982,0.010545,0.010009
0.0085027,0.009687,0.010187,0.0096022,0.010093,0.0097852,0.010004,0.009822,0.0097928,0.0098581,0.0098182,0.0088198,0.0088061,0.0088589,0.0088151,0.0087892,0.0088114,0.0087848,0.0088325,0.0088,0.0088159,0.0088159,0.0088,0.0088325,0.0087848,0.0088114,0.0087892,0.0088151,0.0088589,0.0088061,0.0088198,0.0098182,0.0098581,0.0097928,0.009822,0.010004,0.0097852,0.010093,0.0096022,0.010187,0.009687
0.0094013,0.0091616,0.0073564,0.0086476,0.0074779,0.0085084,0.0074292,0.0084733,0.0075125,0.0085073,0.0073634,0.0094536,0.0093828,0.0093307,0.0092996,0.0093669,0.0092428,0.0093338,0.0091729,0.0093049,0.0091768,0.0091768,0.0093049,0.0091729,0.0093338,0.0092428,0.0093669,0.0092996,0.0093307,0.0093828,0.0094536,0.0073634,0.0085073,0.0075125,0.0084733,0.0074292,0.0085084,0.0074779,0.0086476,0.0073564,0.0091616
0.009018,0.0090874,0.0085847,0.009197,0.0087358,0.0084469,0.0082153,0.0084301,0.008149,0.0080837,0.008109,0.0089945,0.0091074,0.0088124,0.0089694,0.0085894,0.0090403,0.0087246,0.0081665,0.0080219,0.0081529,0.0081529,0.0080219,0.0081665,0.0087246,0.0090403,0.0085894,0.0089694,0.0088124,0.0091074,0.0089945,0.008109,0.0080837,0.008149,0.0084301,0.0082153,0.0084469,0.0087358,0.009197,0.0085847,0.0090874
0.0088926,0.0079909,0.0083836,0.0091323,0.0085699,0.0085024,0.0079452,0.0089081,0.0081315,0.0088094,0.0079514,0.0083583,0.0086186,0.0085252,0.008358,0.0078403,0.0087778,0.0080041,0.0074835,0.0078616,0.0083904,0.0083904,0.0078616,0.0074835,0.0080041,0.0087778,0.0078403,0.008358,0.0085252,0.0086186,0.0083583,0.0079514,0.0088094,0.0081315,0.0089081,0.0079452,0.0085024,0.0085699,0.0091323,0.0083836,0.0079909
0.009158,0.007695,0.0072178,0.0087244,0.0081587,0.0090761,0.0075256,0.009107,0.0077526,0.0071177,0.0087763,0.0079884,0.0090512,0.0073509,0.0073562,0.0087425,0.0071812,0.0086379,0.0079847,0.0088084,0.0073293,0.0073293,0.0088084,0.0079847,0.0086379,0.0071812,0.0087425,0.0073562,0.0073509,0.0090512,0.0079884,0.0087763,0.0071177,0.0077526,0.009107,0.0075256,0.0090761,0.0081587,0.0087244,0.0072178,0.007695
0.0083168,0.0083236,0.007013,0.0085843,0.007012,0.0083221,0.0083164,0.006993,0.0085448,0.00697,0.0082634,0.0082533,0.0069363,0.0084732,0.0069121,0.0081972,0.00819,0.0068881,0.0084221,0.0068781,0.0081669,0.0081669,0.0068781,0.0084221,0.0068881,0.00819,0.0081972,0.0069121,0.0084732,0.0069363,0.0082533,0.0082634,0.00697,0.0085448,0.006993,0.0083164,0.0083221,0.007012,0.0085843,0.007013,0.0083236
0.0078179,0.0077585,0.0069113,0.0081179,0.0079104,0.0072884,0.0082115,0.0078328,0.008044,0.0077995,0.0059507,0.0081443,0.0080133,0.0071797,0.0070823,0.0069755,0.0079903,0.0078523,0.0070447,0.0078534,0.0078422,0.0078422,0.0078534,0.0070447,0.0078523,0.0079903,0.0069755,0.0070823,0.0071797,0.0080133,0.0081443,0.0059507,0.0077995,0.008044,0.0078328,0.0082115,0.0072884,0.0079104,0.0081179,0.0069113,0.0077585
0.0091387,0.0070434,0.00664,0.0079273,0.0074554,0.0074504,0.0070889,0.0066183,0.0090316,0.0069721,0.0065623,0.0090481,0.0068853,0.0066777,0.0076903,0.0073425,0.0074844,0.0068353,0.006668,0.0089322,0.0066958,0.0066958,0.0089322,0.006668,0.0068353,0.0074844,0.0073425,0.0076903,0.0066777,0.0068853,0.0090481,0.0065623,0.0069721,0.0090316,0.0066183,0.0070889,0.0074504,0.0074554,0.0079273,0.00664,0.0070434
0.0077412,0.0063184,0.0065536,0.0077241,0.0063631,0.0065215,0.0076839,0.0064657,0.0067547,0.0076478,0.0064421,0.0067083,0.0076219,0.006406,0.006648,0.0075689,0.0063532,0.0083759,0.0082681,0.0062381,0.0084214,0.0084214,0.0062381,0.0082681,0.0083759,0.0063532,0.0075689,0.006648,0.006406,0.0076219,0.0067083,0.0064421,0.0076478,0.0067547,0.0064657,0.0076839,0.0065215,0.0063631,0.0077241,0.0065536,0.0063184
0.0073456,0.0065768,0.0064449,0.0072981,0.0065169,0.0073089,0.0072787,0.0064963,0.0072834,0.0072479,0.0064667,0.0072488,0.0072149,0.0064361,0.0072139,0.0071877,0.0064116,0.0071865,0.0071722,0.0063979,0.0071717,0.0071717,0.0063979,0.0071722,0.0071865,0.0064116,0.0071877,0.0072139,0.0064361,0.0072149,0.0072488,0.0064667,0.0072479,0.0072834,0.0064963,0.0072787,0.0064206,0.0065752,0.0073482,0.0063651,0.0066067
0.006329,0.0069292,0.0059958,0.0072912,0.0068547,0.0068437,0.0080592,0.0067997,0.0068041,0.0062885,0.006351,0.0068989,0.0061036,0.0062874,0.006875,0.0061048,0.0061665,0.0067434,0.0067083,0.0079876,0.006684,0.006684,0.0079876,0.0067083,0.0067434,0.0061665,0.0061048,0.006875,0.0062874,0.0061036,0.0068989,0.006351,0.0062885,0.0068041,0.0067997,0.0080592,0.0068437,0.0068547,0.0072912,0.0059958,0.0069292
0.0069606,0.0070203,0.005776,0.0070292,0.0070258,0.0057663,0.0057478,0.0070217,0.0065052,0.0062515,0.0069524,0.0069079,0.0058337,0.0068802,0.0068867,0.0064748,0.0064241,0.0069122,0.0058808,0.0056705,0.0069003,0.0069003,0.0056705,0.0058808,0.0069122,0.0064241,0.0064748,0.0068867,0.0068802,0.0058337,0.0069079,0.0069524,0.0062515,0.0065052,0.0070217,0.0057478,0.0057663,0.0070258,0.0070292,0.005776,0.0070203
0.0065527,0.0074483,0.0064402,0.0061414,0.0068728,0.0066699,0.0049157,0.0064561,0.0073757,0.0064013,0.0061337,0.0065036,0.0064846,0.0058322,0.0063754,0.0073247,0.0063438,0.0048758,0.0064877,0.0066129,0.0058442,0.0058442,0.0066129,0.0064877,0.0048758,0.0063438,0.0073247,0.0063754,0.0058322,0.0064846,0.0065036,0.0061337,0.0064013,0.0073757,0.0064561,0.0049157,0.0066699,0.0068728,0.0061414,0.0064402,0.0074483
0.0076253,0.0057929,0.0053067,0.0075292,0.0070635,0.0056713,0.0054471,0.0074481,0.0070226,0.0054801,0.0055545,0.0074504,0.0058465,0.0052056,0.0064157,0.0074019,0.0056533,0.0053487,0.006479,0.0074488,0.0054705,0.0054705,0.0074488,0.006479,0.0053487,0.0056533,0.0074019,0.0064157,0.0052056,0.0058465,0.0074504,0.0055545,0.0054801,0.0070226,0.0074481,0.0054471,0.0056713,0.0070635,0.0075292,0.0053067,0.0057929
0.0062387,0.0061361,0.0053575,0.0056698,0.0063144,0.006252,0.0052128,0.0056699,0.0062404,0.0064009,0.0051447,0.0055225,0.0070853,0.0069132,0.0050898,0.0053909,0.0070809,0.0069525,0.0050952,0.0052465,0.0070168,0.0070168,0.0052465,0.0050952,0.0069525,0.0070809,0.0053909,0.0050898,0.0069132,0.0070853,0.0055225,0.0051447,0.0064009,0.0062404,0.0056699,0.0052128,0.006252,0.0063144,0.0056698,0.0053575,0.0061361
0.0059491,0.005085,0.0057511,0.0060343,0.006038,0.005179,0.0054376,0.0061024,0.005958,0.0052888,0.0050662,0.0059554,0.0077369,0.005869,0.0049935,0.005887,0.0065326,0.005934,0.0050681,0.0052831,0.0059594,0.0059594,0.0052831,0.0050681,0.005934,0.0065326,0.005887,0.0049935,0.005869,0.0077369,0.0059554,0.0050662,0.0052888,0.005958,0.0061024,0.0054376,0.005179,0.006038,0.0060343,0.0057511,0.005085
0.0054637,0.0051402,0.0057087,0.0054964,0.0063137,0.0058738,0.0054893,0.0057069,0.0058479,0.0053906,0.0057949,0.0056717,0.0054539,0.0058769,0.005891,0.0054277,0.0056374,0.0048297,0.0053938,0.0058238,0.0054739,0.0054739,0.0058238,0.0053938,0.0048297,0.0056374,0.0054277,0.005891,0.0058769,0.0054539,0.0056717,0.0057949,0.0053906,0.0058479,0.0057069,0.0054893,0.0058738,0.0063137,0.0054964,0.0057087,0.0051402
0.0056374,0.0055083,0.0056038,0.0055254,0.0056825,0.0055946,0.0054594,0.0056411,0.0055121,0.0056753,0.0054704,0.0054644,0.0056563,0.0046047,0.0056392,0.0054373,0.0054334,0.0056269,0.0045847,0.0056202,0.0054228,0.0054228,0.0056202,0.0045847,0.0056269,0.0054334,0.0054373,0.0056392,0.0046047,0.0056563,0.0054644,0.0054704,0.0056753,0.0055121,0.0056411,0.0054594,0.0055946,0.0056825,0.0055254,0.0056038,0.0055083
0.0056981,0.0051128,0.0059796,0.0051643,0.0057377,0.0056758,0.004858,0.0055643,0.0051801,0.0056854,0.0055872,0.0048273,0.0052324,0.00524,0.0046058,0.005564,0.0056687,0.0050908,0.0053325,0.0045654,0.0056587,0.0056587,0.0045654,0.0053325,0.0050908,0.0056687,0.005564,0.0046058,0.00524,0.0052324,0.0048273,0.0055872,0.0056854,0.0051801,0.0055643,0.004858,0.0056758,0.0057377,0.0051643,0.0059796,0.0051128
0.0057788,0.0057908,0.0052991,0.0047401,0.0051215,0.0052611,0.0057264,0.0062249,0.0052716,0.0039666,0.0049264,0.0052735,0.0057308,0.0052755,0.004689,0.0039506,0.0052409,0.0059024,0.0056753,0.0051995,0.0048547,0.0048547,0.0051995,0.0056753,0.0059024,0.0052409,0.0039506,0.004689,0.0052755,0.0057308,0.0052735,0.0049264,0.0039666,0.0052716,0.0062249,0.0057264,0.0052611,0.0051215,0.0047401,0.0052991,0.0057908
0.0062283,0.0047342,0.0039665,0.0044096,0.0048627,0.0059423,0.0062487,0.0045486,0.0039761,0.0043955,0.0050072,0.0058469,0.0060799,0.0053508,0.0046007,0.0044042,0.0051055,0.0058659,0.0059526,0.0052262,0.0044622,0.0044622,0.0052262,0.0059526,0.0058659,0.0051055,0.0044042,0.0046007,0.0053508,0.0060799,0.0058469,0.0050072,0.0043955,0.0039761,0.0045486,0.0062487,0.0059423,0.0048627,0.0044096,0.0039665,0.0047342
0.0048987,0.0049059,0.0049282,0.0049879,0.0041426,0.0057197,0.0056421,0.0048384,0.0050407,0.0050892,0.0041821,0.0042745,0.0055343,0.005463,0.0047862,0.0051815,0.0051954,0.0041647,0.0053261,0.0052645,0.0054896,0.0054896,0.0052645,0.0053261,0.0041647,0.0051954,0.0051815,0.0047862,0.005463,0.0055343,0.0042745,0.0041821,0.0050892,0.0050407,0.0048384,0.0056421,0.0057197,0.0041426,0.0049879,0.0049282,0.0049059
0.0045876,0.0040884,0.0042865,0.0045976,0.0043721,0.0058017,0.0061431,0.0054476,0.0041071,0.0042408,0.0042784,0.0043114,0.0056965,0.0061055,0.0054679,0.0041526,0.0042349,0.0042586,0.0042308,0.0041958,0.0056351,0.0056351,0.0041958,0.0042308,0.0042586,0.0042349,0.0041526,0.0054679,0.0061055,0.0056965,0.0043114,0.0042784,0.0042408,0.0041071,0.0054476,0.0061431,0.0058017,0.0043721,0.0045976,0.0042865,0.0040884
0.0043645,0.0045792,0.0047214,0.0051385,0.0043009,0.0043698,0.0047705,0.004209,0.0042244,0.0045352,0.0046475,0.0052674,0.0042226,0.0042687,0.0054494,0.0046576,0.0041687,0.0043629,0.0046652,0.00534,0.0042143,0.0042143,0.00534,0.0046652,0.0043629,0.0041687,0.0046576,0.0054494,0.0042687,0.0042226,0.0052674,0.0046475,0.0045352,0.0042244,0.004209,0.0047705,0.0043698,0.0043009,0.0051385,0.0047214,0.0045792
0.0045078,0.0043785,0.004408,0.0043466,0.0044043,0.0044735,0.0047395,0.0042296,0.0047139,0.0044664,0.0043446,0.0043536,0.0043151,0.0043514,0.004432,0.0046863,0.0041881,0.0046756,0.0044246,0.0043229,0.0043093,0.0043093,0.0043229,0.0044246,0.0046756,0.0041881,0.0046863,0.004432,0.0043514,0.0043151,0.0043536,0.0043446,0.0044664,0.0047139,0.0042296,0.0047395,0.0044735,0.0044043,0.0043466,0.004408,0.0043785
0.0044987,0.0044593,0.0044949,0.0043787,0.0044259,0.004483,0.0036003,0.0044691,0.0044035,0.0043485,0.0044559,0.0044137,0.0044465,0.0043301,0.0043763,0.0044331,0.0035618,0.0044248,0.004363,0.004312,0.0044229,0.0043857,0.0044235,0.0043131,0.0043646,0.004427,0.0035642,0.0044367,0.0043802,0.0043344,0.0044511,0.0044184,0.0044608,0.0043533,0.0044084,0.0044739,0.0036039,0.004487,0.0044293,0.0043816,0.0044972
0.0045235,0.0039886,0.0040516,0.0045368,0.0046373,0.0040685,0.0036113,0.004536,0.0045129,0.0043255,0.0044785,0.0045003,0.0038666,0.0037208,0.0040319,0.0046085,0.0040358,0.0035993,0.004519,0.0044349,0.0043885,0.0043885,0.0044349,0.004519,0.0035993,0.0040358,0.0046085,0.0040319,0.0037208,0.0038666,0.0045003,0.0044785,0.0043255,0.0045129,0.004536,0.0036113,0.0040685,0.0046373,0.0045368,0.0040516,0.0039886
0.0045816,0.0045773,0.0049455,0.0049665,0.0041602,0.0035481,0.0036229,0.0036826,0.0039072,0.0038459,0.0037532,0.0041577,0.0046463,0.0046353,0.0045174,0.0047797,0.0047899,0.0041211,0.0036128,0.0036969,0.0037581,0.0037581,0.0036969,0.0036128,0.0041211,0.0047899,0.0047797,0.0045174,0.0046353,0.0046463,0.0041577,0.0037532,0.0038459,0.0039072,0.0036826,0.0036229,0.0035481,0.0041602,0.0049665,0.0049455,0.0045773
0.0049058,0.004977,0.0045903,0.0036326,0.0029803,0.0030259,0.0030373,0.0029708,0.0033504,0.0047061,0.0046228,0.0045477,0.0047335,0.0046738,0.0049122,0.004703,0.004761,0.0048598,0.0034671,0.0029396,0.0029944,0.0029944,0.0029396,0.0034671,0.0048598,0.004761,0.004703,0.0049122,0.0046738,0.0047335,0.0045477,0.0046228,0.0047061,0.0033504,0.0029708,0.0030373,0.0030259,0.0029803,0.0036326,0.0045903,0.004977
0.0046214,0.0036809,0.0030094,0.0033729,0.0039692,0.003928,0.0038983,0.0040125,0.003977,0.0040357,0.0039532,0.0047553,0.0049294,0.0042826,0.0043809,0.0043549,0.0043656,0.0042271,0.0042417,0.0042884,0.0034744,0.0034744,0.0042884,0.0042417,0.0042271,0.0043656,0.0043549,0.0043809,0.0042826,0.0049294,0.0047553,0.0039532,0.0040357,0.003977,0.0040125,0.0038983,0.003928,0.0039692,0.0033729,0.0030094,0.0036809
0.0039542,0.0039443,0.0039953,0.0038941,0.0039547,0.004031,0.003162,0.0031652,0.0031733,0.0031845,0.0033893,0.0033602,0.003338,0.0044933,0.004379,0.0043034,0.0043991,0.0043398,0.0043665,0.0043374,0.0047848,0.0047848,0.0043374,0.0043665,0.0043398,0.0043991,0.0043034,0.004379,0.0044933,0.003338,0.0033602,0.0033893,0.0031845,0.0031733,0.0031652,0.003162,0.004031,0.0039547,0.0038941,0.0039953,0.0039443
0.003164,0.003174,0.0031731,0.0031851,0.0031866,0.0031924,0.0032275,0.0034551,0.0034254,0.0034026,0.0034162,0.0033989,0.0033923,0.0033753,0.0033642,0.0033504,0.0035508,0.0048925,0.0047951,0.0047148,0.0048913,0.0048321,0.004892,0.004716,0.0047969,0.0048949,0.0035532,0.0033617,0.0033751,0.0033857,0.0034035,0.0034097,0.003427,0.0034123,0.0034351,0.0034646,0.0032308,0.0031884,0.0031832,0.0031822,0.0031694
0.0035428,0.0035159,0.0034953,0.003517,0.0035014,0.0034991,0.0034791,0.003472,0.0034623,0.0036095,0.0040487,0.004015,0.0039859,0.0040754,0.0040526,0.004092,0.0039996,0.0040545,0.0041239,0.003278,0.0032775,0.0032775,0.003278,0.0041239,0.0040545,0.0039996,0.004092,0.0040526,0.0040754,0.0039859,0.004015,0.0040487,0.0036095,0.0034623,0.003472,0.0034791,0.0034991,0.0035014,0.003517,0.0034953,0.0035159
0.0040093,0.004063,0.0033579,0.0033551,0.003352,0.0033487,0.0033452,0.0033416,0.003338,0.0033344,0.0033309,0.0033276,0.0033244,0.0033215,0.0033188,0.0033165,0.0033145,0.0033128,0.0033116,0.0033107,0.0033103,0.0033103,0.0033107,0.0033116,0.0033128,0.0033145,0.0033165,0.0033188,0.0033215,0.0033244,0.0033276,0.0033309,0.0033344,0.003338,0.0033416,0.0033452,0.0033487,0.003352,0.0033551,0.0033579,0.004063
0.0033957,0.0033937,0.0033912,0.0033884,0.0033852,0.0033819,0.0033783,0.0033747,0.0033711,0.0033675,0.0033639,0.0033605,0.0033573,0.0033544,0.0033517,0.0033493,0.0033473,0.0033456,0.0033444,0.0033435,0.0033431,0.0033431,0.0033435,0.0033444,0.0033456,0.0033473,0.0033493,0.0033517,0.0033544,0.0033573,0.0033605,0.0033639,0.0033675,0.0033711,0.0033747,0.0033783,0.0033819,0.0033852,0.0033884,0.0033912,0.0033937
0.003429,0.0034269,0.0034244,0.0034216,0.0034184,0.003415,0.0034115,0.0034078,0.0034041,0.0034005,0.0033969,0.0033935,0.0033903,0.0033873,0.0033845,0.0033822,0.0033801,0.0033784,0.0033772,0.0033763,0.0033759,0.0033759,0.0033763,0.0033772,0.0033784,0.0033801,0.0033822,0.0033845,0.0033873,0.0033903,0.0033935,0.0033969,0.0034005,0.0034041,0.0034078,0.0034115,0.003415,0.0034184,0.0034216,0.0034244,0.0034269
0.0031533,0.0029836,0.0029839,0.0029855,0.0029544,0.0029551,0.0029356,0.002965,0.0029358,0.0029002,0.0034299,0.0034264,0.0034232,0.0034201,0.0034174,0.003415,0.0034129,0.0034112,0.0034099,0.0034091,0.0034086,0.0034086,0.0034091,0.0034099,0.0034112,0.0034129,0.003415,0.0034174,0.0034201,0.0034232,0.0034264,0.0034299,0.0029002,0.0029358,0.002965,0.0029356,0.0029551,0.0029544,0.0029855,0.0029839,0.0029836
0.0038756,0.0035465,0.0035271,0.0035212,0.0035147,0.0035487,0.003541,0.0035605,0.003517,0.003546,0.0035852,0.0031497,0.0029121,0.0029121,0.0029141,0.0028728,0.0028743,0.0028506,0.0028883,0.002855,0.0028148,0.0028148,0.002855,0.0028883,0.0028506,0.0028743,0.0028728,0.0029141,0.0029121,0.0029121,0.0031497,0.0035852,0.003546,0.003517,0.0035605,0.003541,0.0035487,0.0035147,0.0035212,0.0035271,0.0035465
0.0039234,0.0038896,0.0039075,0.0038303,0.0038494,0.003871,0.0035638,0.0035844,0.0035766,0.0035688,0.0036107,0.0036027,0.0036265,0.0035781,0.0036125,0.0036581,0.0025572,0.0021654,0.0022184,0.0021748,0.0021421,0.0021421,0.0021748,0.0022184,0.0021654,0.0025572,0.0036581,0.0036125,0.0035781,0.0036265,0.0036027,0.0036107,0.0035688,0.0035766,0.0035844,0.0035638,0.003871,0.0038494,0.0038303,0.0039075,0.0038896
0.003668,0.0035971,0.0035366,0.0036423,0.0035894,0.0035967,0.0038386,0.0038552,0.0038741,0.003586,0.0036363,0.0036276,0.0036191,0.0031922,0.0032056,0.0032632,0.003172,0.0032358,0.0033018,0.0026458,0.002181,0.002181,0.0026458,0.0033018,0.0032358,0.003172,0.0032632,0.0032056,0.0031922,0.0036191,0.0036276,0.0036363,0.003586,0.0038741,0.0038552,0.0038386,0.0035967,0.0035894,0.0036423,0.0035366,0.0035971
0.0030247,0.0032886,0.0036157,0.0036186,0.00355,0.0036369,0.0035938,0.0036108,0.0035037,0.0035393,0.0035549,0.002232,0.0032176,0.0032199,0.0031788,0.0032727,0.0032611,0.0033158,0.003247,0.0033073,0.0034148,0.0034148,0.0033073,0.003247,0.0033158,0.0032611,0.0032727,0.0031788,0.0032199,0.0032176,0.002232,0.0035549,0.0035393,0.0035037,0.0036108,0.0035938,0.0036369,0.00355,0.0036186,0.0036157,0.0032886
0.0030944,0.003079,0.0033165,0.0037453,0.0037136,0.0037002,0.0036037,0.0036205,0.003628,0.0035216,0.0024799,0.0025636,0.0023346,0.0024447,0.0024047,0.0023344,0.0033267,0.0033173,0.0033661,0.0033691,0.0036967,0.0036967,0.0033691,0.0033661,0.0033173,0.0033267,0.0023344,0.0024047,0.0024447,0.0023346,0.0025636,0.0024799,0.0035216,0.003628,0.0036205,0.0036037,0.0037002,0.0037136,0.0037453,0.0033165,0.003079
0.0023808,0.0023336,0.0023821,0.0027198,0.0032803,0.0037505,0.0037046,0.0037617,0.0037584,0.0026726,0.0025451,0.0026122,0.002531,0.0023033,0.002416,0.002407,0.0024719,0.002475,0.0026477,0.0037461,0.0036888,0.0036888,0.0037461,0.0026477,0.002475,0.0024719,0.002407,0.002416,0.0023033,0.002531,0.0026122,0.0025451,0.0026726,0.0037584,0.0037617,0.0037046,0.0037505,0.0032803,0.0027198,0.0023821,0.0023336
0.0026338,0.002422,0.0024372,0.0023452,0.0027278,0.0032996,0.0032893,0.0032226,0.0023755,0.0030527,0.0031193,0.0026694,0.0025513,0.0025399,0.0024092,0.0024355,0.0024411,0.0026715,0.0032117,0.0031434,0.0030744,0.0030744,0.0031434,0.0032117,0.0026715,0.0024411,0.0024355,0.0024092,0.0025399,0.0025513,0.0026694,0.0031193,0.0030527,0.0023755,0.0032226,0.0032893,0.0032996,0.0027278,0.0023452,0.0024372,0.002422
0.0030258,0.003038,0.0028169,0.0023918,0.0024241,0.0027768,0.0033501,0.0024134,0.0024181,0.0025502,0.0024161,0.0024234,0.0031069,0.0027694,0.0026028,0.0023558,0.0027614,0.003214,0.0031842,0.00237,0.0024954,0.0024954,0.00237,0.0031842,0.003214,0.0027614,0.0023558,0.0026028,0.0027694,0.0031069,0.0024234,0.0024161,0.0025502,0.0024181,0.0024134,0.0033501,0.0027768,0.0024241,0.0023918,0.0028169,0.003038
0.0024716,0.0024953,0.0025162,0.0024752,0.002763,0.0029924,0.0033566,0.0024586,0.0024421,0.0025335,0.0024218,0.0025147,0.0024215,0.0024651,0.0031618,0.0027993,0.0027352,0.0024494,0.0024867,0.0024629,0.0024375,0.0024375,0.0024629,0.0024867,0.0024494,0.0027352,0.0027993,0.0031618,0.0024651,0.0024215,0.0025147,0.0024218,0.0025335,0.0024421,0.0024586,0.0033566,0.0029924,0.002763,0.0024752,0.0025162,0.0024953
0.0024802,0.0025047,0.002476,0.0025535,0.002515,0.0024697,0.0024678,0.0025152,0.002545,0.0024635,0.0024829,0.00246,0.0025188,0.0025055,0.0024662,0.0029815,0.0028025,0.0024689,0.0025073,0.0024865,0.0024589,0.0024589,0.0024865,0.0025073,0.0024689,0.0028025,0.0029815,0.0024662,0.0025055,0.0025188,0.00246,0.0024829,0.0024635,0.002545,0.0025152,0.0024678,0.0024697,0.002515,0.0025535,0.002476,0.0025047
0.002463,0.0025543,0.0025272,0.0025689,0.0025212,0.0024662,0.0022702,0.0026041,0.0022755,0.0024467,0.0025288,0.0025167,0.0025388,0.0025079,0.0024444,0.0022574,0.002587,0.0022585,0.0024367,0.0025093,0.0025183,0.0025183,0.0025093,0.0024367,0.0022585,0.002587,0.0022574,0.0024444,0.0025079,0.0025388,0.0025167,0.0025288,0.0024467,0.0022755,0.0026041,0.0022702,0.0024662,0.0025212,0.0025689,0.0025272,0.0025543
0.0026136,0.0022426,0.0025326,0.0026011,0.0025947,0.0024938,0.0022384,0.0029049,0.0026625,0.002241,0.0021489,0.0025121,0.0026083,0.0025058,0.0020096,0.0022578,0.0026572,0.0027334,0.002217,0.0024875,0.0025702,0.0025702,0.0024875,0.002217,0.0027334,0.0026572,0.0022578,0.0020096,0.0025058,0.0026083,0.0025121,0.0021489,0.002241,0.0026625,0.0029049,0.0022384,0.0024938,0.0025947,0.0026011,0.0025326,0.0022426
0.0030556,0.0025528,0.002698,0.0023043,0.0022691,0.0019958,0.0020376,0.0023346,0.0028711,0.0025596,0.0027446,0.0023489,0.0021623,0.0020279,0.0023178,0.0028597,0.0027499,0.0025286,0.0028073,0.002325,0.0021097,0.0021097,0.002325,0.0028073,0.0025286,0.0027499,0.0028597,0.0023178,0.0020279,0.0021623,0.0023489,0.0027446,0.0025596,0.0028711,0.0023346,0.0020376,0.0019958,0.0022691,0.0023043,0.002698,0.0025528
0.0030221,0.0028983,0.0025928,0.0026356,0.0024004,0.0015068,0.0014832,0.0023901,0.0028686,0.0025899,0.00264,0.002782,0.0023293,0.0014449,0.0023184,0.0029,0.0027672,0.0025702,0.0027318,0.0023748,0.0014823,0.0014823,0.0023748,0.0027318,0.0025702,0.0027672,0.0029,0.0023184,0.0014449,0.0023293,0.002782,0.00264,0.0025899,0.0028686,0.0023901,0.0014832,0.0015068,0.0024004,0.0026356,0.0025928,0.0028983
0.0020524,0.0029324,0.0029284,0.0025804,0.0026746,0.0024245,0.0018201,0.0020138,0.0028794,0.0028865,0.0025504,0.0027304,0.002412,0.0018866,0.0019784,0.0026125,0.0028279,0.0025401,0.0027736,0.0025115,0.0019295,0.0019295,0.0025115,0.0027736,0.0025401,0.0028279,0.0026125,0.0019784,0.0018866,0.002412,0.0027304,0.0025504,0.0028865,0.0028794,0.0020138,0.0018201,0.0024245,0.0026746,0.0025804,0.0029284,0.0029324
0.002217,0.0027514,0.0027693,0.0028847,0.0027069,0.0023625,0.0023591,0.0021715,0.0027231,0.0027415,0.0026408,0.002704,0.0024201,0.0024187,0.0021698,0.0026507,0.0026284,0.0026145,0.002483,0.0025752,0.0018788,0.0018788,0.0025752,0.002483,0.0026145,0.0026284,0.0026507,0.0021698,0.0024187,0.0024201,0.002704,0.0026408,0.0027415,0.0027231,0.0021715,0.0023591,0.0023625,0.0027069,0.0028847,0.0027693,0.0027514
0.0023534,0.0020802,0.0028472,0.0027858,0.0023143,0.0023059,0.0023801,0.0024483,0.0026017,0.0027355,0.0026442,0.0021419,0.0024486,0.00251,0.002059,0.002695,0.00263,0.0022213,0.0024696,0.0025557,0.0025111,0.0025111,0.0025557,0.0024696,0.0022213,0.00263,0.002695,0.002059,0.00251,0.0024486,0.0021419,0.0026442,0.0027355,0.0026017,0.0024483,0.0023801,0.0023059,0.0023143,0.0027858,0.0028472,0.0020802
0.0023082,0.0024047,0.0027464,0.0026383,0.0028932,0.0015978,0.0024601,0.0024553,0.0027226,0.0026029,0.0026991,0.0016384,0.0017096,0.0024486,0.0024982,0.0025939,0.0026654,0.0016117,0.0017377,0.0025419,0.002524,0.002524,0.0025419,0.0017377,0.0016117,0.0026654,0.0025939,0.0024982,0.0024486,0.0017096,0.0016384,0.0026991,0.0026029,0.0027226,0.0024553,0.0024601,0.0015978,0.0028932,0.0026383,0.0027464,0.0024047
0.0016804,0.0016848,0.0024066,0.0027816,0.0018407,0.0019348,0.0017023,0.0016823,0.0024447,0.0027442,0.0018914,0.0018587,0.0016682,0.001872,0.0027541,0.0027148,0.0018706,0.0018823,0.0016582,0.0018746,0.0027201,0.0027201,0.0018746,0.0016582,0.0018823,0.0018706,0.0027148,0.0027541,0.001872,0.0016682,0.0018587,0.0018914,0.0027442,0.0024447,0.0016823,0.0017023,0.0019348,0.0018407,0.0027816,0.0024066,0.0016848
0.0016994,0.0017554,0.0019136,0.0027809,0.0022003,0.0019495,0.0017222,0.0017096,0.00193,0.0027502,0.0019208,0.0018633,0.0017044,0.0019198,0.0023849,0.0027369,0.0018858,0.0018976,0.0016716,0.0018898,0.0027422,0.0022768,0.0019244,0.0016969,0.0018875,0.001902,0.0027181,0.0023935,0.001901,0.0016871,0.0019108,0.0022626,0.0027379,0.0019227,0.0017622,0.0017209,0.0019488,0.0021652,0.0027768,0.0019095,0.0016856
0.001957,0.001679,0.0019678,0.0025241,0.00161,0.0022761,0.002013,0.0016384,0.0019491,0.0023664,0.0022204,0.0019418,0.0016552,0.001967,0.0024349,0.0015975,0.002345,0.0019826,0.0016392,0.0019366,0.0022857,0.0022857,0.0019366,0.0016392,0.0019826,0.002345,0.0015975,0.0024349,0.001967,0.0016552,0.0019418,0.0022204,0.0023664,0.0019491,0.0016384,0.002013,0.0022761,0.00161,0.0025241,0.0019678,0.001679
0.0017267,0.0020505,0.0016107,0.00201,0.0016947,0.0017306,0.0023003,0.0019437,0.0019797,0.0016978,0.0017378,0.0023125,0.0019257,0.0021078,0.002413,0.0017289,0.0016758,0.0019865,0.002048,0.0023947,0.0016788,0.0016788,0.0023947,0.002048,0.0019865,0.0016758,0.0017289,0.002413,0.0021078,0.0019257,0.0023125,0.0017378,0.0016978,0.0019797,0.0019437,0.0023003,0.0017306,0.0016947,0.00201,0.0016107,0.0020505
0.0017926,0.0017413,0.001956,0.002194,0.0017339,0.0017843,0.0017347,0.0019491,0.0021706,0.0017441,0.0017711,0.0017162,0.002306,0.0022287,0.0017248,0.0017502,0.0017423,0.0023134,0.0022407,0.0016745,0.0017706,0.0017706,0.0016745,0.0022407,0.0023134,0.0017423,0.0017502,0.0017248,0.0022287,0.002306,0.0017162,0.0017711,0.0017441,0.0021706,0.0019491,0.0017347,0.0017843,0.0017339,0.002194,0.001956,0.0017413
0.001806,0.0018043,0.0017045,0.0022795,0.0017029,0.0017989,0.001797,0.0016976,0.0022703,0.001696,0.0017919,0.0017903,0.0016917,0.0022626,0.0016906,0.0017867,0.0017858,0.0016881,0.0022583,0.0016877,0.0017845,0.0017845,0.0016877,0.0022583,0.0016881,0.0017858,0.0017867,0.0016906,0.0022626,0.0016917,0.0017903,0.0017919,0.001696,0.0022703,0.0016976,0.001797,0.0017989,0.0017029,0.0022795,0.0017045,0.0018043
