Col0,Col1,Col2,Col3,Col4,Col5,Col6
45.9701121864829,-90.4100104905999,-100.380312802203,-72.2810951494674,-207.755596873606,-391.809338959278,-740.601212728558
45.9701121864829,-90.4100104905999,-100.380312802203,-72.2810951494674,-207.755596873606,-391.809338959278,-740.601212728558
45.9701121864829,-90.4100104905999,-100.380312802203,-72.2810951494674,-207.755596873606,-391.809338959278,-740.601212728558
45.9701121864829,-90.4100104905999,-100.380312802203,-72.2810951494674,-207.755596873606,-391.809338959278,-740.601212728558
14.9680713130933,-90.4100104905999,-100.380312802203,-72.2810951494674,-207.755596873606,-391.809338959278,-740.601212728558
14.9680713130933,-53.8329655987233,-100.380312802203,-72.2810951494674,-207.755596873606,-391.809338959278,-740.601212728558
14.9680713130933,-53.8329655987233,83.1866030770407,-113.295073198947,-242.33157466454,-381.904834791843,-826.774263780762
14.9680713130933,-53.8329655987233,83.1866030770407,-113.295073198947,-242.33157466454,-381.904834791843,-826.774263780762
-37.4194651682086,-53.8329655987233,83.1866030770407,-113.295073198947,-242.33157466454,-381.904834791843,-826.774263780762
-37.4194651682086,-53.8329655987233,83.1866030770407,-113.295073198947,-242.33157466454,-381.904834791843,-826.774263780762
-37.4194651682086,98.2731593718832,83.1866030770407,-113.295073198947,-242.33157466454,-381.904834791843,-826.774263780762
-37.4194651682086,98.2731593718832,83.1866030770407,-113.295073198947,-242.33157466454,-381.904834791843,-826.774263780762
-45.9835793791393,98.2731593718832,-216.318108889061,-108.545595620197,-148.752945987584,-454.984250030257,-772.654823637147
-45.9835793791393,98.2731593718832,-216.318108889061,-108.545595620197,-148.752945987584,-454.984250030257,-772.654823637147
-45.9835793791393,98.2731593718832,-216.318108889061,-108.545595620197,-148.752945987584,-454.984250030257,-772.654823637147
-45.9835793791393,6.92826206228589,-216.318108889061,-108.545595620197,-148.752945987584,-454.984250030257,-772.654823637147
-40.0929463378253,6.92826206228589,-216.318108889061,-108.545595620197,-148.752945987584,-454.984250030257,-772.654823637147
-40.0929463378253,6.92826206228589,-216.318108889061,-108.545595620197,-148.752945987584,-454.984250030257,-772.654823637147
-40.0929463378253,6.92826206228589,22.7758441477432,-139.973648195855,-196.267097293328,-345.544466707581,-781.135132033238
-40.0929463378253,6.92826206228589,22.7758441477432,-139.973648195855,-196.267097293328,-345.544466707581,-781.135132033238
-31.5892076348515,-88.1076541969982,22.7758441477432,-139.973648195855,-196.267097293328,-345.544466707581,-781.135132033238
-31.5892076348515,-88.1076541969982,22.7758441477432,-139.973648195855,-196.267097293328,-345.544466707581,-781.135132033238
-31.5892076348515,-88.1076541969982,22.7758441477432,-139.973648195855,-196.267097293328,-345.544466707581,-781.135132033238
-31.5892076348515,-88.1076541969982,22.7758441477432,-139.973648195855,-196.267097293328,-345.544466707581,-781.135132033238
-21.1006028392069,-88.1076541969982,-28.9926161515934,-70.2721055136763,-360.316145534799,-504.777421986901,-931.847576716705
-21.1006028392069,-62.9175359983688,-28.9926161515934,-70.2721055136763,-360.316145534799,-504.777421986901,-931.847576716705
-21.1006028392069,-62.9175359983688,-28.9926161515934,-70.2721055136763,-360.316145534799,-504.777421986901,-931.847576716705
-21.1006028392069,-62.9175359983688,-28.9926161515934,-70.2721055136763,-360.316145534799,-504.777421986901,-931.847576716705
-9.28616956458318,-62.9175359983688,-28.9926161515934,-70.2721055136763,-360.316145534799,-504.777421986901,-931.847576716705
-9.28616956458318,-62.9175359983688,-28.9926161515934,-70.2721055136763,-360.316145534799,-504.777421986901,-931.847576716705
-9.28616956458318,-18.2401816674061,-121.410959570429,-126.692482788335,284.423062805921,-35.1137626672502,-185.300417358793
-9.28616956458318,-18.2401816674061,-121.410959570429,-126.692482788335,284.423062805921,-35.1137626672502,-185.300417358793
3.11174789592451,-18.2401816674061,-121.410959570429,-126.692482788335,284.423062805921,-35.1137626672502,-185.300417358793
3.11174789592451,-18.2401816674061,-121.410959570429,-126.692482788335,284.423062805921,-35.1137626672502,-185.300417358793
3.11174789592451,-18.2401816674061,-121.410959570429,-126.692482788335,284.423062805921,-35.1137626672502,-185.300417358793
3.11174789592451,30.9495499176597,-121.410959570429,-126.692482788335,284.423062805921,-35.1137626672502,-185.300417358793
15.3141427919261,30.9495499176597,65.6754875483738,384.707331116634,-266.894213443694,-19.4269804814841,248.166049423517
15.3141427919261,30.9495499176597,65.6754875483738,384.707331116634,-266.894213443694,-19.4269804814841,248.166049423517
15.3141427919261,30.9495499176597,65.6754875483738,384.707331116634,-266.894213443694,-19.4269804814841,248.166049423517
15.3141427919261,30.9495499176597,65.6754875483738,384.707331116634,-266.894213443694,-19.4269804814841,248.166049423517
26.554293774839,72.4827763417889,65.6754875483738,384.707331116634,-266.894213443694,-19.4269804814841,248.166049423517
26.554293774839,72.4827763417889,65.6754875483738,384.707331116634,-266.894213443694,-19.4269804814841,248.166049423517
26.554293774839,72.4827763417889,193.070223293095,-144.828305359788,215.0487493887,414.85714320888,146.409172670892
26.554293774839,72.4827763417889,193.070223293095,-144.828305359788,215.0487493887,414.85714320888,146.409172670892
36.1259408199953,72.4827763417889,193.070223293095,-144.828305359788,215.0487493887,414.85714320888,146.409172670892
36.1259408199953,96.0847322752059,193.070223293095,-144.828305359788,215.0487493887,414.85714320888,146.409172670892
36.1259408199953,96.0847322752059,193.070223293095,-144.828305359788,215.0487493887,414.85714320888,146.409172670892
36.1259408199953,96.0847322752059,193.070223293095,-144.828305359788,215.0487493887,414.85714320888,146.409172670892
43.4276621415443,96.0847322752059,141.228910357669,-261.311594530871,-54.7472868960614,-151.690610347044,-79.0985034314282
43.4276621415443,96.0847322752059,141.228910357669,-261.311594530871,-54.7472868960614,-151.690610347044,-79.0985034314282
43.4276621415443,95.9166091442038,141.228910357669,-261.311594530871,-54.7472868960614,-151.690610347044,-79.0985034314282
43.4276621415443,95.9166091442038,141.228910357669,-261.311594530871,-54.7472868960614,-151.690610347044,-79.0985034314282
48.0006637349499,95.9166091442038,141.228910357669,-261.311594530871,-54.7472868960614,-151.690610347044,-79.0985034314282
48.0006637349499,95.9166091442038,141.228910357669,-261.311594530871,-54.7472868960614,-151.690610347044,-79.0985034314282
48.0006637349499,95.9166091442038,-41.7217545024417,369.405957116908,173.268520218361,99.5224912575527,86.4303060950667
48.0006637349499,72.0199983652288,-41.7217545024417,369.405957116908,173.268520218361,99.5224912575527,86.4303060950667
49.5576070917963,72.0199983652288,-41.7217545024417,369.405957116908,173.268520218361,99.5224912575527,86.4303060950667
49.5576070917963,72.0199983652288,-41.7217545024417,369.405957116908,173.268520218361,99.5224912575527,86.4303060950667
49.5576070917963,72.0199983652288,-41.7217545024417,369.405957116908,173.268520218361,99.5224912575527,86.4303060950667
49.5576070917963,72.0199983652288,-41.7217545024417,369.405957116908,173.268520218361,99.5224912575527,86.4303060950667
48.0006637349589,30.3066021841905,-185.94017834956,-64.5218777434585,294.832089675198,78.5461552930196,-81.6232291191811
48.0006637349589,30.3066021841905,-185.94017834956,-64.5218777434585,294.832089675198,78.5461552930196,-81.6232291191811
48.0006637349589,30.3066021841905,-185.94017834956,-64.5218777434585,294.832089675198,78.5461552930196,-81.6232291191811
48.0006637349589,30.3066021841905,-185.94017834956,-64.5218777434585,294.832089675198,78.5461552930196,-81.6232291191811
43.4276621415331,30.3066021841905,-185.94017834956,-64.5218777434585,294.832089675198,78.5461552930196,-81.6232291191811
43.4276621415331,-18.9042424783374,-185.94017834956,-64.5218777434585,294.832089675198,78.5461552930196,-81.6232291191811
43.4276621415331,-18.9042424783374,-157.541705143281,-280.192971015828,-375.437288983836,-19.3438731869249,65.352412179476
43.4276621415331,-18.9042424783374,-157.541705143281,-280.192971015828,-375.437288983836,-19.3438731869249,65.352412179476
36.1259408199996,-18.9042424783374,-157.541705143281,-280.192971015828,-375.437288983836,-19.3438731869249,65.352412179476
36.1259408199996,-18.9042424783374,-157.541705143281,-280.192971015828,-375.437288983836,-19.3438731869249,65.352412179476
36.1259408199996,-63.4384301140858,-157.541705143281,-280.192971015828,-375.437288983836,-19.3438731869249,65.352412179476
36.1259408199996,-63.4384301140858,-157.541705143281,-280.192971015828,-375.437288983836,-19.3438731869249,65.352412179476
26.554293774831,-63.4384301140858,17.1100444646459,162.985419168644,95.4573399435467,-71.2967945191254,-39.9030431619436
26.554293774831,-63.4384301140858,17.1100444646459,162.985419168644,95.4573399435467,-71.2967945191254,-39.9030431619436
26.554293774831,-63.4384301140858,17.1100444646459,162.985419168644,95.4573399435467,-71.2967945191254,-39.9030431619436
26.554293774831,-92.2787976825838,17.1100444646459,162.985419168644,95.4573399435467,-71.2967945191254,-39.9030431619436
15.3141427919196,-92.2787976825838,17.1100444646459,162.985419168644,95.4573399435467,-71.2967945191254,-39.9030431619436
15.3141427919196,-92.2787976825838,17.1100444646459,162.985419168644,95.4573399435467,-71.2967945191254,-39.9030431619436
15.3141427919196,-92.2787976825838,175.877745718177,699.477510995407,283.62086882175,46.0632473524272,8.84941031530311
15.3141427919196,-92.2787976825838,175.877745718177,699.477510995407,283.62086882175,46.0632473524272,8.84941031530311
3.11174789592172,-98.2906235572457,175.877745718177,699.477510995407,283.62086882175,46.0632473524272,8.84941031530311
3.11174789592172,-98.2906235572457,175.877745718177,699.477510995407,283.62086882175,46.0632473524272,8.84941031530311
3.11174789592172,-98.2906235572457,175.877745718177,699.477510995407,283.62086882175,46.0632473524272,8.84941031530311
3.11174789592172,-98.2906235572457,175.877745718177,699.477510995407,283.62086882175,46.0632473524272,8.84941031530311
-9.28616956458252,-98.2906235572457,171.369973127946,-415.846714055249,-172.593896803834,54.0340108331685,23.4470959117088
-9.28616956458252,-79.9866623351975,171.369973127946,-415.846714055249,-172.593896803834,54.0340108331685,23.4470959117088
-9.28616956458252,-79.9866623351975,171.369973127946,-415.846714055249,-172.593896803834,54.0340108331685,23.4470959117088
-9.28616956458252,-79.9866623351975,171.369973127946,-415.846714055249,-172.593896803834,54.0340108331685,23.4470959117088
-21.1006028392068,-79.9866623351975,171.369973127946,-415.846714055249,-172.593896803834,54.0340108331685,23.4470959117088
-21.1006028392068,-79.9866623351975,171.369973127946,-415.846714055249,-172.593896803834,54.0340108331685,23.4470959117088
-21.1006028392068,-41.8950694802514,7.76219370625155,-343.894100329653,-35.1406424788043,-66.313175316939,-52.450527197502
-21.1006028392068,-41.8950694802514,7.76219370625155,-343.894100329653,-35.1406424788043,-66.313175316939,-52.450527197502
-31.5892076348607,-41.8950694802514,7.76219370625155,-343.894100329653,-35.1406424788043,-66.313175316939,-52.450527197502
-31.5892076348607,-41.8950694802514,7.76219370625155,-343.894100329653,-35.1406424788043,-66.313175316939,-52.450527197502
-31.5892076348607,-41.8950694802514,7.76219370625155,-343.894100329653,-35.1406424788043,-66.313175316939,-52.450527197502
-31.5892076348607,6.5608038423084,7.76219370625155,-343.894100329653,-35.1406424788043,-66.313175316939,-52.450527197502
-40.0929463378304,6.5608038423084,-162.889780261715,707.972986408903,217.392873866168,-29.1823109026985,74.0874378095722
-40.0929463378304,6.5608038423084,-162.889780261715,707.972986408903,217.392873866168,-29.1823109026985,74.0874378095722
-40.0929463378304,6.5608038423084,-162.889780261715,707.972986408903,217.392873866168,-29.1823109026985,74.0874378095722
-40.0929463378304,6.5608038423084,-162.889780261715,707.972986408903,217.392873866168,-29.1823109026985,74.0874378095722
-46.0774977708465,53.3936219471889,-162.889780261715,707.972986408903,217.392873866168,-29.1823109026985,74.0874378095722
-46.0774977708465,53.3936219471889,-162.889780261715,707.972986408903,217.392873866168,-29.1823109026985,74.0874378095722
-46.0774977708465,53.3936219471889,-186.444148611865,-259.020103458413,-242.002223526613,77.2496148761145,-85.318987952556
-46.0774977708465,53.3936219471889,-186.444148611865,-259.020103458413,-242.002223526613,77.2496148761145,-85.318987952556
-49.1668305577471,53.3936219471889,-186.444148611865,-259.020103458413,-242.002223526613,77.2496148761145,-85.318987952556
-49.1668305577471,87.0175713258265,-186.444148611865,-259.020103458413,-242.002223526613,77.2496148761145,-85.318987952556
-49.1668305577471,87.0175713258265,-186.444148611865,-259.020103458413,-242.002223526613,77.2496148761145,-85.318987952556
-49.1668305577471,87.0175713258265,-186.444148611865,-259.020103458413,-242.002223526613,77.2496148761145,-85.318987952556
-49.1668305577439,87.0175713258265,-10.280710501068,-471.568631428224,91.1231718306106,0.232042129232074,84.5677397866766
-49.1668305577439,87.0175713258265,-10.280710501068,-471.568631428224,91.1231718306106,0.232042129232074,84.5677397866766
-49.1668305577439,99.1145361208242,-10.280710501068,-471.568631428224,91.1231718306106,0.232042129232074,84.5677397866766
-49.1668305577439,99.1145361208242,-10.280710501068,-471.568631428224,91.1231718306106,0.232042129232074,84.5677397866766
-46.0774977708453,99.1145361208242,-10.280710501068,-471.568631428224,91.1231718306106,0.232042129232074,84.5677397866766
-46.0774977708453,99.1145361208242,-10.280710501068,-471.568631428224,91.1231718306106,0.232042129232074,84.5677397866766
-46.0774977708453,99.1145361208242,69.1234519472462,604.960429525652,125.834032032979,-77.336575594541,-71.9392038841495
-46.0774977708453,86.6918888584305,69.1234519472462,604.960429525652,125.834032032979,-77.336575594541,-71.9392038841495
-40.0929463378239,86.6918888584305,69.1234519472462,604.960429525652,125.834032032979,-77.336575594541,-71.9392038841495
-40.0929463378239,86.6918888584305,69.1234519472462,604.960429525652,125.834032032979,-77.336575594541,-71.9392038841495
-40.0929463378239,86.6918888584305,69.1234519472462,604.960429525652,125.834032032979,-77.336575594541,-71.9392038841495
-40.0929463378239,86.6918888584305,69.1234519472462,604.960429525652,125.834032032979,-77.336575594541,-71.9392038841495
-31.5892076348505,52.8228265037076,204.079445397658,-291.725595664469,-251.542433319847,28.7508162717172,49.2070205832689
-31.5892076348505,52.8228265037076,204.079445397658,-291.725595664469,-251.542433319847,28.7508162717172,49.2070205832689
-31.5892076348505,52.8228265037076,204.079445397658,-291.725595664469,-251.542433319847,28.7508162717172,49.2070205832689
-31.5892076348505,52.8228265037076,204.079445397658,-291.725595664469,-251.542433319847,28.7508162717172,49.2070205832689
-21.1006028392065,52.8228265037076,204.079445397658,-291.725595664469,-251.542433319847,28.7508162717172,49.2070205832689
-21.1006028392065,5.88610258955859,204.079445397658,-291.725595664469,-251.542433319847,28.7508162717172,49.2070205832689
-21.1006028392065,5.88610258955859,365.307960334312,98.9398163900333,194.844330842697,66.5618440977628,-19.563857473765
-21.1006028392065,5.88610258955859,365.307960334312,98.9398163900333,194.844330842697,66.5618440977628,-19.563857473765
-9.28616956458264,5.88610258955859,365.307960334312,98.9398163900333,194.844330842697,66.5618440977628,-19.563857473765
-9.28616956458264,5.88610258955859,365.307960334312,98.9398163900333,194.844330842697,66.5618440977628,-19.563857473765
-9.28616956458264,-42.5067644663997,365.307960334312,98.9398163900333,194.844330842697,66.5618440977628,-19.563857473765
-9.28616956458264,-42.5067644663997,365.307960334312,98.9398163900333,194.844330842697,66.5618440977628,-19.563857473765
3.11174789592576,-42.5067644663997,191.908888919507,294.792823246272,3.14553182853108,-53.6957079682677,-12.8269912784855
3.11174789592576,-42.5067644663997,191.908888919507,294.792823246272,3.14553182853108,-53.6957079682677,-12.8269912784855
3.11174789592576,-42.5067644663997,191.908888919507,294.792823246272,3.14553182853108,-53.6957079682677,-12.8269912784855
3.11174789592576,-80.384025887469,191.908888919507,294.792823246272,3.14553182853108,-53.6957079682677,-12.8269912784855
15.3141427919244,-80.384025887469,191.908888919507,294.792823246272,3.14553182853108,-53.6957079682677,-12.8269912784855
15.3141427919244,-80.384025887469,191.908888919507,294.792823246272,3.14553182853108,-53.6957079682677,-12.8269912784855
15.3141427919244,-80.384025887469,-159.648110578894,-349.973175270568,-198.854405738731,-46.438699404347,43.4163272246207
15.3141427919244,-80.384025887469,-159.648110578894,-349.973175270568,-198.854405738731,-46.438699404347,43.4163272246207
26.5542937748375,-98.3753532416167,-159.648110578894,-349.973175270568,-198.854405738731,-46.438699404347,43.4163272246207
26.5542937748375,-98.3753532416167,-159.648110578894,-349.973175270568,-198.854405738731,-46.438699404347,43.4163272246207
26.5542937748375,-98.3753532416167,-159.648110578894,-349.973175270568,-198.854405738731,-46.438699404347,43.4163272246207
26.5542937748375,-98.3753532416167,-159.648110578894,-349.973175270568,-198.854405738731,-46.438699404347,43.4163272246207
36.1259408199933,-98.3753532416167,-362.996359751373,3.22983802068523,250.363605541647,71.0991970523254,-67.9079690357202
36.1259408199933,-92.0299325071397,-362.996359751373,3.22983802068523,250.363605541647,71.0991970523254,-67.9079690357202
36.1259408199933,-92.0299325071397,-362.996359751373,3.22983802068523,250.363605541647,71.0991970523254,-67.9079690357202
36.1259408199933,-92.0299325071397,-362.996359751373,3.22983802068523,250.363605541647,71.0991970523254,-67.9079690357202
43.4276621415422,-92.0299325071397,-362.996359751373,3.22983802068523,250.363605541647,71.0991970523254,-67.9079690357202
43.4276621415422,-92.0299325071397,-362.996359751373,3.22983802068523,250.363605541647,71.0991970523254,-67.9079690357202
43.4276621415422,-63.0412787541246,-229.358241490358,347.222778981929,-120.321130925724,19.793377384995,82.862138403076
43.4276621415422,-63.0412787541246,-229.358241490358,347.222778981929,-120.321130925724,19.793377384995,82.862138403076
48.0006637349592,-63.0412787541246,-229.358241490358,347.222778981929,-120.321130925724,19.793377384995,82.862138403076
48.0006637349592,-63.0412787541246,-229.358241490358,347.222778981929,-120.321130925724,19.793377384995,82.862138403076
48.0006637349592,-63.0412787541246,-229.358241490358,347.222778981929,-120.321130925724,19.793377384995,82.862138403076
48.0006637349592,-18.0031090095324,-229.358241490358,347.222778981929,-120.321130925724,19.793377384995,82.862138403076
49.5576070917937,-18.0031090095324,117.203776871777,-298.910375721053,-96.97245489016,-78.51701520134,-86.1785666794116
49.5576070917937,-18.0031090095324,117.203776871777,-298.910375721053,-96.97245489016,-78.51701520134,-86.1785666794116
49.5576070917937,-18.0031090095324,117.203776871777,-298.910375721053,-96.97245489016,-78.51701520134,-86.1785666794116
49.5576070917937,-18.0031090095324,117.203776871777,-298.910375721053,-96.97245489016,-78.51701520134,-86.1785666794116
48.0006637349575,32.0548043429271,117.203776871777,-298.910375721053,-96.97245489016,-78.51701520134,-86.1785666794116
48.0006637349575,32.0548043429271,117.203776871777,-298.910375721053,-96.97245489016,-78.51701520134,-86.1785666794116
48.0006637349575,32.0548043429271,354.960089731638,-92.683082950008,243.946269109332,9.6318656665363,77.3914713690561
48.0006637349575,32.0548043429271,354.960089731638,-92.683082950008,243.946269109332,9.6318656665363,77.3914713690561
43.4276621415313,32.0548043429271,354.960089731638,-92.683082950008,243.946269109332,9.6318656665363,77.3914713690561
43.4276621415313,68.6550347860965,354.960089731638,-92.683082950008,243.946269109332,9.6318656665363,77.3914713690561
43.4276621415313,68.6550347860965,354.960089731638,-92.683082950008,243.946269109332,9.6318656665363,77.3914713690561
43.4276621415313,68.6550347860965,354.960089731638,-92.683082950008,243.946269109332,9.6318656665363,77.3914713690561
36.1259408199985,68.6550347860965,263.190477580935,377.83545051809,-214.021953389811,74.9073519003378,-57.734973895178
36.1259408199985,68.6550347860965,263.190477580935,377.83545051809,-214.021953389811,74.9073519003378,-57.734973895178
36.1259408199985,23.8813387694604,263.190477580935,377.83545051809,-214.021953389811,74.9073519003378,-57.734973895178
36.1259408199985,23.8813387694604,263.190477580935,377.83545051809,-214.021953389811,74.9073519003378,-57.734973895178
26.5542937748303,23.8813387694604,263.190477580935,377.83545051809,-214.021953389811,74.9073519003378,-57.734973895178
26.5542937748303,23.8813387694604,263.190477580935,377.83545051809,-214.021953389811,74.9073519003378,-57.734973895178
26.5542937748303,23.8813387694604,-72.9110695892732,-229.065937949516,28.8991857377324,-37.7043418089431,29.9697709130968
26.5542937748303,96.6980493382411,-72.9110695892732,-229.065937949516,28.8991857377324,-37.7043418089431,29.9697709130968
15.3141427919194,96.6980493382411,-72.9110695892732,-229.065937949516,28.8991857377324,-37.7043418089431,29.9697709130968
15.3141427919194,96.6980493382411,-72.9110695892732,-229.065937949516,28.8991857377324,-37.7043418089431,29.9697709130968
15.3141427919194,96.6980493382411,-72.9110695892732,-229.065937949516,28.8991857377324,-37.7043418089431,29.9697709130968
15.3141427919194,96.6980493382411,-72.9110695892732,-229.065937949516,28.8991857377324,-37.7043418089431,29.9697709130968
3.1117478959221,159.419534464028,-341.343570145442,-182.772384954425,177.179884842931,-60.7771736327923,2.00459733033092
3.1117478959221,159.419534464028,-341.343570145442,-182.772384954425,177.179884842931,-60.7771736327923,2.00459733033092
3.1117478959221,159.419534464028,-341.343570145442,-182.772384954425,177.179884842931,-60.7771736327923,2.00459733033092
3.1117478959221,159.419534464028,-341.343570145442,-182.772384954425,177.179884842931,-60.7771736327923,2.00459733033092
-9.28616956458852,159.419534464028,-341.343570145442,-182.772384954425,177.179884842931,-60.7771736327923,2.00459733033092
-9.28616956458852,182.702756622382,-341.343570145442,-182.772384954425,177.179884842931,-60.7771736327923,2.00459733033092
-9.28616956458852,182.702756622382,-292.787455763218,384.707331116625,-254.776603937322,60.4813551932128,-33.6974258358654
-9.28616956458852,182.702756622382,-292.787455763218,384.707331116625,-254.776603937322,60.4813551932128,-33.6974258358654
-21.1006028392107,182.702756622382,-292.787455763218,384.707331116625,-254.776603937322,60.4813551932128,-33.6974258358654
-21.1006028392107,182.702756622382,-292.787455763218,384.707331116625,-254.776603937322,60.4813551932128,-33.6974258358654
-21.1006028392107,160.787757717212,-292.787455763218,384.707331116625,-254.776603937322,60.4813551932128,-33.6974258358654
-21.1006028392107,160.787757717212,-292.787455763218,384.707331116625,-254.776603937322,60.4813551932128,-33.6974258358654
-31.5892076348576,160.787757717212,22.148441535535,-144.828444851019,147.621553909775,38.1110219447448,60.6575510239311
-31.5892076348576,160.787757717212,22.148441535535,-144.828444851019,147.621553909775,38.1110219447448,60.6575510239311
-31.5892076348576,160.787757717212,22.148441535535,-144.828444851019,147.621553909775,38.1110219447448,60.6575510239311
-31.5892076348576,99.0960156913518,22.148441535535,-144.828444851019,147.621553909775,38.1110219447448,60.6575510239311
-40.0929463378286,99.0960156913518,22.148441535535,-144.828444851019,147.621553909775,38.1110219447448,60.6575510239311
-40.0929463378286,99.0960156913518,22.148441535535,-144.828444851019,147.621553909775,38.1110219447448,60.6575510239311
-40.0929463378286,99.0960156913518,354.262150937839,-261.377425822348,66.5815642051893,-74.7639419776502,-79.098503431429
-40.0929463378286,99.0960156913518,354.262150937839,-261.377425822348,66.5815642051893,-74.7639419776502,-79.098503431429
-46.0774977708444,12.8892433149248,354.262150937839,-261.377425822348,66.5815642051893,-74.7639419776502,-79.098503431429
-46.0774977708444,12.8892433149248,354.262150937839,-261.377425822348,66.5815642051893,-74.7639419776502,-79.098503431429
-46.0774977708444,12.8892433149248,354.262150937839,-261.377425822348,66.5815642051893,-74.7639419776502,-79.098503431429
-46.0774977708444,12.8892433149248,354.262150937839,-261.377425822348,66.5815642051893,-74.7639419776502,-79.098503431429
-49.1668305577448,12.8892433149248,206.755597080175,367.406635246515,-232.502926508522,-10.0922904820049,86.4303060950609
-49.1668305577448,-76.5061556562201,206.755597080175,367.406635246515,-232.502926508522,-10.0922904820049,86.4303060950609
-49.1668305577448,-76.5061556562201,206.755597080175,367.406635246515,-232.502926508522,-10.0922904820049,86.4303060950609
-49.1668305577448,-76.5061556562201,206.755597080175,367.406635246515,-232.502926508522,-10.0922904820049,86.4303060950609
-49.1668305577419,-76.5061556562201,206.755597080175,367.406635246515,-232.502926508522,-10.0922904820049,86.4303060950609
-49.1668305577419,-76.5061556562201,206.755597080175,367.406635246515,-232.502926508522,-10.0922904820049,86.4303060950609
-49.1668305577419,-146.974953846943,-179.643594459519,-51.4908479207843,229.824321881451,78.5461552930155,-81.6232291191741
-49.1668305577419,-146.974953846943,-179.643594459519,-51.4908479207843,229.824321881451,78.5461552930155,-81.6232291191741
-46.0774977708435,-146.974953846943,-179.643594459519,-51.4908479207843,229.824321881451,78.5461552930155,-81.6232291191741
-46.0774977708435,-146.974953846943,-179.643594459519,-51.4908479207843,229.824321881451,78.5461552930155,-81.6232291191741
-46.0774977708435,-146.974953846943,-179.643594459519,-51.4908479207843,229.824321881451,78.5461552930155,-81.6232291191741
-46.0774977708435,-181.084112054213,-179.643594459519,-51.4908479207843,229.824321881451,78.5461552930155,-81.6232291191741
-40.0929463378245,-181.084112054213,-157.541705143287,-323.559161746915,-60.4881458813718,-19.3438731869223,65.3524121794682
-40.0929463378245,-181.084112054213,-157.541705143287,-323.559161746915,-60.4881458813718,-19.3438731869223,65.3524121794682
-40.0929463378245,-181.084112054213,-157.541705143287,-323.559161746915,-60.4881458813718,-19.3438731869223,65.3524121794682
-40.0929463378245,-181.084112054213,-157.541705143287,-323.559161746915,-60.4881458813718,-19.3438731869223,65.3524121794682
-31.58920763486,-170.395480238902,-157.541705143287,-323.559161746915,-60.4881458813718,-19.3438731869223,65.3524121794682
-31.58920763486,-170.395480238902,-157.541705143287,-323.559161746915,-60.4881458813718,-19.3438731869223,65.3524121794682
-31.58920763486,-170.395480238902,17.1100444646441,327.020429256771,-152.711131321014,-71.2967945191235,-39.9030431619359
-31.58920763486,-170.395480238902,17.1100444646441,327.020429256771,-152.711131321014,-71.2967945191235,-39.9030431619359
-21.1006028392043,-170.395480238902,17.1100444646441,327.020429256771,-152.711131321014,-71.2967945191235,-39.9030431619359
-21.1006028392043,-117.553283111046,17.1100444646441,327.020429256771,-152.711131321014,-71.2967945191235,-39.9030431619359
-21.1006028392043,-117.553283111046,17.1100444646441,327.020429256771,-152.711131321014,-71.2967945191235,-39.9030431619359
-21.1006028392043,-117.553283111046,17.1100444646441,327.020429256771,-152.711131321014,-71.2967945191235,-39.9030431619359
-9.28616956458329,-117.553283111046,175.877745718172,45.0821083544115,255.171623092754,46.0632473524276,8.84941031530714
-9.28616956458329,-117.553283111046,175.877745718172,45.0821083544115,255.171623092754,46.0632473524276,8.84941031530714
-9.28616956458329,-35.6299742636918,175.877745718172,45.0821083544115,255.171623092754,46.0632473524276,8.84941031530714
-9.28616956458329,-35.6299742636918,175.877745718172,45.0821083544115,255.171623092754,46.0632473524276,8.84941031530714
3.11174789592516,-35.6299742636918,175.877745718172,45.0821083544115,255.171623092754,46.0632473524276,8.84941031530714
3.11174789592516,-35.6299742636918,175.877745718172,45.0821083544115,255.171623092754,46.0632473524276,8.84941031530714
3.11174789592516,-35.6299742636918,171.369973127947,-365.410485571562,-172.593896803826,54.0340108331672,23.4470959116991
3.11174789592516,55.1077141969064,171.369973127947,-365.410485571562,-172.593896803826,54.0340108331672,23.4470959116991
15.3141427919232,55.1077141969064,171.369973127947,-365.410485571562,-172.593896803826,54.0340108331672,23.4470959116991
15.3141427919232,55.1077141969064,171.369973127947,-365.410485571562,-172.593896803826,54.0340108331672,23.4470959116991
15.3141427919232,55.1077141969064,171.369973127947,-365.410485571562,-172.593896803826,54.0340108331672,23.4470959116991
15.3141427919232,55.1077141969064,171.369973127947,-365.410485571562,-172.593896803826,54.0340108331672,23.4470959116991
25.6491595576825,132.212490409109,7.77150119539804,266.086326999814,-35.1406424788093,-66.313175316941,-52.4505271974991
25.6491595576825,132.212490409109,7.77150119539804,266.086326999814,-35.1406424788093,-66.313175316941,-52.4505271974991
25.6491595576825,132.212490409109,7.77150119539804,266.086326999814,-35.1406424788093,-66.313175316941,-52.4505271974991
25.6491595576825,132.212490409109,7.77150119539804,266.086326999814,-35.1406424788093,-66.313175316941,-52.4505271974991
41.5740500699491,132.212490409109,7.77150119539804,266.086326999814,-35.1406424788093,-66.313175316941,-52.4505271974991
41.5740500699491,176.609662864549,7.77150119539804,266.086326999814,-35.1406424788093,-66.313175316941,-52.4505271974991
41.5740500699491,176.609662864549,-163.041615972535,138.822389961299,217.392873866161,-29.1823109026986,74.0874378095637
41.5740500699491,176.609662864549,-163.041615972535,138.822389961299,217.392873866161,-29.1823109026986,74.0874378095637
24.317941174623,176.609662864549,-163.041615972535,138.822389961299,217.392873866161,-29.1823109026986,74.0874378095637
24.317941174623,176.609662864549,-163.041615972535,138.822389961299,217.392873866161,-29.1823109026986,74.0874378095637
24.317941174623,177.315964247893,-163.041615972535,138.822389961299,217.392873866161,-29.1823109026986,74.0874378095637
24.317941174623,177.315964247893,-163.041615972535,138.822389961299,217.392873866161,-29.1823109026986,74.0874378095637
4.71627712004798,177.315964247893,-182.495634264918,-384.301724701996,-242.002223526621,77.2496148761127,-85.3189879525291
4.71627712004798,177.315964247893,-182.495634264918,-384.301724701996,-242.002223526621,77.2496148761127,-85.3189879525291
4.71627712004798,177.315964247893,-182.495634264918,-384.301724701996,-242.002223526621,77.2496148761127,-85.3189879525291
4.71627712004798,134.156665033156,-182.495634264918,-384.301724701996,-242.002223526621,77.2496148761127,-85.3189879525291
27.2566839004833,134.156665033156,-182.495634264918,-384.301724701996,-242.002223526621,77.2496148761127,-85.3189879525291
27.2566839004833,134.156665033156,-182.495634264918,-384.301724701996,-242.002223526621,77.2496148761127,-85.3189879525291
27.2566839004833,134.156665033156,-32.5304856391325,188.433042220404,91.1231718306006,0.232042129229693,84.5677397867663
27.2566839004833,134.156665033156,-32.5304856391325,188.433042220404,91.1231718306006,0.232042129229693,84.5677397867663
48.0844529884161,57.808799234006,-32.5304856391325,188.433042220404,91.1231718306006,0.232042129229693,84.5677397867663
48.0844529884161,57.808799234006,-32.5304856391325,188.433042220404,91.1231718306006,0.232042129229693,84.5677397867663
48.0844529884161,57.808799234006,-32.5304856391325,188.433042220404,91.1231718306006,0.232042129229693,84.5677397867663
48.0844529884161,57.808799234006,-32.5304856391325,188.433042220404,91.1231718306006,0.232042129229693,84.5677397867663
65.8908990528089,57.808799234006,147.634222546674,223.839950253884,125.834032032962,-77.3365755945375,-71.9392038841983
65.8908990528089,-32.8401911649874,147.634222546674,223.839950253884,125.834032032962,-77.3365755945375,-71.9392038841983
65.8908990528089,-32.8401911649874,147.634222546674,223.839950253884,125.834032032962,-77.3365755945375,-71.9392038841983
65.8908990528089,-32.8401911649874,147.634222546674,223.839950253884,125.834032032962,-77.3365755945375,-71.9392038841983
79.557177599953,-32.8401911649874,147.634222546674,223.839950253884,125.834032032962,-77.3365755945375,-71.9392038841983
79.557177599953,-32.8401911649874,147.634222546674,223.839950253884,125.834032032962,-77.3365755945375,-71.9392038841983
79.557177599953,-115.3649570176,190.743230231924,-379.045873106528,-251.542433319859,28.750816271721,49.2070205832896
79.557177599953,-115.3649570176,190.743230231924,-379.045873106528,-251.542433319859,28.750816271721,49.2070205832896
88.2245860876623,-115.3649570176,190.743230231924,-379.045873106528,-251.542433319859,28.750816271721,49.2070205832896
88.2245860876623,-115.3649570176,190.743230231924,-379.045873106528,-251.542433319859,28.750816271721,49.2070205832896
88.2245860876623,-115.3649570176,190.743230231924,-379.045873106528,-251.542433319859,28.750816271721,49.2070205832896
88.2245860876623,-169.349973790009,190.743230231924,-379.045873106528,-251.542433319859,28.750816271721,49.2070205832896
91.3485193641453,-169.349973790009,56.7764448915532,98.9398163900324,194.844330842683,66.5618440977466,-19.5638574738004
91.3485193641453,-169.349973790009,56.7764448915532,98.9398163900324,194.844330842683,66.5618440977466,-19.5638574738004
91.3485193641453,-169.349973790009,56.7764448915532,98.9398163900324,194.844330842683,66.5618440977466,-19.5638574738004
91.3485193641453,-169.349973790009,56.7764448915532,98.9398163900324,194.844330842683,66.5618440977466,-19.5638574738004
88.7326892126276,-181.440069577276,56.7764448915532,98.9398163900324,194.844330842683,66.5618440977466,-19.5638574738004
88.7326892126276,-181.440069577276,56.7764448915532,98.9398163900324,194.844330842683,66.5618440977466,-19.5638574738004
88.7326892126276,-181.440069577276,-129.898549238838,294.792823246266,3.14553182851704,-53.6957079682653,-12.8269912785284
88.7326892126276,-181.440069577276,-129.898549238838,294.792823246266,3.14553182851704,-53.6957079682653,-12.8269912785284
80.5414578618768,-181.440069577276,-129.898549238838,294.792823246266,3.14553182851704,-53.6957079682653,-12.8269912785284
80.5414578618768,-148.644316206371,-129.898549238838,294.792823246266,3.14553182851704,-53.6957079682653,-12.8269912785284
80.5414578618768,-148.644316206371,-129.898549238838,294.792823246266,3.14553182851704,-53.6957079682653,-12.8269912785284
80.5414578618768,-148.644316206371,-129.898549238838,294.792823246266,3.14553182851704,-53.6957079682653,-12.8269912785284
67.2895105029043,-148.644316206371,-195.982691513691,-349.973175270559,-198.854405738727,-46.4386994043405,43.4163272246513
67.2895105029043,-148.644316206371,-195.982691513691,-349.973175270559,-198.854405738727,-46.4386994043405,43.4163272246513
67.2895105029043,-79.0759449071244,-195.982691513691,-349.973175270559,-198.854405738727,-46.4386994043405,43.4163272246513
67.2895105029043,-79.0759449071244,-195.982691513691,-349.973175270559,-198.854405738727,-46.4386994043405,43.4163272246513
49.8095157255247,-79.0759449071244,-195.982691513691,-349.973175270559,-198.854405738727,-46.4386994043405,43.4163272246513
49.8095157255247,-79.0759449071244,-195.982691513691,-349.973175270559,-198.854405738727,-46.4386994043405,43.4163272246513
49.8095157255247,-79.0759449071244,-80.1270056914349,3.2298380206785,250.363605541652,71.0991970523148,-67.9079690356821
49.8095157255247,10.0547587005983,-80.1270056914349,3.2298380206785,250.363605541652,71.0991970523148,-67.9079690356821
29.1998058885245,10.0547587005983,-80.1270056914349,3.2298380206785,250.363605541652,71.0991970523148,-67.9079690356821
29.1998058885245,10.0547587005983,-80.1270056914349,3.2298380206785,250.363605541652,71.0991970523148,-67.9079690356821
29.1998058885245,10.0547587005983,-80.1270056914349,3.2298380206785,250.363605541652,71.0991970523148,-67.9079690356821
29.1998058885245,10.0547587005983,-80.1270056914349,3.2298380206785,250.363605541652,71.0991970523148,-67.9079690356821
